resource,host,probe_state,method,via,payees,payee_in_registry,gap_type
https://api.onesource.io/api/chain/erc20-balance,api.onesource.io,CHALLENGE,tempo,header,0x19B8e99079A5558ff4460357b0a78e14a7F600B7,0,A_out
https://kronossignals.com/api/v1/liquidations/btc,kronossignals.com,CHALLENGE,x402v2,body,0x36038e1d712c5e39f35952164ec58ec2b96caee7,0,A_out
https://x402.ottoai.services/crypto-news,x402.ottoai.services,CHALLENGE,x402v2,body,0x0E84dDEdAaE6A779c462C22a59F301EC31B6b808;0x0E84dDEdAaE6A779c462C22a59F301EC31B6b808,0,A_out
https://crypto.apitoll.cloud/v1/crypto/price,crypto.apitoll.cloud,CHALLENGE,x402v2,body,,,no_payee
https://agi.apify.com/protocols/x402/prepaid-tokens,agi.apify.com,CHALLENGE,x402v2,body,0x4aAbE17C239eF71c3A26bA7C2b3e0AeBbfC1DF26,0,A_out
https://api.bitrefill.com/x402/gift-cards/search,api.bitrefill.com,CHALLENGE,x402v2,body,0x480CD46E6faDe651a0437DeaddA53D5c8e7D846A;0x480CD46E6faDe651a0437DeaddA53D5c8e7D846A;0x480CD46E6faDe651a0437DeaddA53D5c8e7D846A,0,A_out
https://laso.finance/get-card,laso.finance,CHALLENGE,evm,header,0x3291E96b3bff7eD56e3ca8364273C5b4654b2B37,0,A_out
https://coinflip402.vercel.app/api/coinflip,coinflip402.vercel.app,CHALLENGE,x402v2,body,,,no_payee
https://x402uselessfacts.vercel.app/api/useless-fact,x402uselessfacts.vercel.app,CHALLENGE,x402v2,body,,,no_payee
https://memegeneratorx402.vercel.app/api/generate-meme,memegeneratorx402.vercel.app,CHALLENGE,x402v2,body,,,no_payee
https://dicex402.vercel.app/api/dice,dicex402.vercel.app,CHALLENGE,x402v2,body,,,no_payee
https://ladyfortunalx402.vercel.app/api/fortune,ladyfortunalx402.vercel.app,CHALLENGE,x402v2,body,,,no_payee
https://x402lifeadvice.vercel.app/api/life-advice,x402lifeadvice.vercel.app,CHALLENGE,x402v2,body,,,no_payee
https://riddlex402.vercel.app/api/riddle,riddlex402.vercel.app,CHALLENGE,x402v2,body,,,no_payee
https://cheaptokens.ai/api/buy,cheaptokens.ai,CHALLENGE,x402v2,body,0x213c8d7434E2ae7AA1C392767c5120778D413215,0,A_out
https://x402wordoftheday.vercel.app/api/word-of-the-day,x402wordoftheday.vercel.app,CHALLENGE,x402v2,body,,,no_payee
https://horrorstoryapi.vercel.app/api/horror-story,horrorstoryapi.vercel.app,CHALLENGE,x402v2,body,,,no_payee
https://roastx402endpoint.vercel.app/api/roast,roastx402endpoint.vercel.app,CHALLENGE,x402v2,body,,,no_payee
https://randomfactsx402.vercel.app/api/random-fact,randomfactsx402.vercel.app,ERR,,,,,
https://vibesprings.net/api/price/btc-usd,vibesprings.net,CHALLENGE,x402v2,body,,,no_payee
https://402timezones.vercel.app/api/convert-timezone,402timezones.vercel.app,CHALLENGE,x402v2,body,,,no_payee
https://api.loyalspark.online/x402-gateway/recipient-api/offers,api.loyalspark.online,CHALLENGE,x402v2,body,0x40a8CdD6a10EC1a8cB3dFb2834675e7a2CF4ad8b,0,A_out
https://jokes-endpoint.vercel.app/api/jokes,jokes-endpoint.vercel.app,CHALLENGE,x402v2,body,,,no_payee
https://weight402endpoint.vercel.app/api/convert-weight,weight402endpoint.vercel.app,CHALLENGE,x402v2,body,,,no_payee
https://cars2026.vercel.app/api/cars,cars2026.vercel.app,CHALLENGE,x402v2,body,,,no_payee
https://payanagent.com/x402/kh7dxw0kj8269e3hee74av74h989hxp9,payanagent.com,HTTP_400,,,,,
https://api-dev-v2.ixs.finance/x402/vaults,api-dev-v2.ixs.finance,CHALLENGE,x402v2,body,0xE341Add833F9d62082e97eA260BAA6546Cd09F73,0,A_out
https://edgar.apitoll.cloud/v1/edgar/filings,edgar.apitoll.cloud,CHALLENGE,x402v2,body,,,no_payee
https://gas.apitoll.cloud/v1/base/gas,gas.apitoll.cloud,CHALLENGE,x402v2,body,,,no_payee
https://hypernatt.com/api/m2m/liq-radar,hypernatt.com,CHALLENGE,x402v2,body,0x5a78ace5dd133316c8aaf7e156fbfc57e1209cf9,0,A_out
https://chat.gedx402.com/v1/chat/completions,chat.gedx402.com,CHALLENGE,x402v2,body,,,no_payee
https://blockrun.ai/api/v1/exa/search,blockrun.ai,CHALLENGE,x402v2,body,0xe9030014F5DAe217d0A152f02A043567b16c1aBf,0,A_out
https://api.hyperextend.xyz/v1/liquidations/BTC,api.hyperextend.xyz,CHALLENGE,x402v2,body,0x548fC289526ab2F0391D562a723cdA64Bbf1abc4;0x548fC289526ab2F0391D562a723cdA64Bbf1abc4,0,A_out
https://weather.payapi.market/current,weather.payapi.market,ERR,,,,,
https://x402.twit.sh/tweets/search,x402.twit.sh,CHALLENGE,x402v2,body,,,no_payee
https://google-trends.use.x402atlas.com/trend,google-trends.use.x402atlas.com,CHALLENGE,x402v2,body,0x9AACeabAD8E1858b72fcEA1665381B168841b2fa;0x9AACeabAD8E1858b72fcEA1665381B168841b2fa;0x9AACeabAD8E1858b72fcEA1665381B168841b2fa,0,A_out
https://quartermaster.surewhynot.app/v1/gas,quartermaster.surewhynot.app,CHALLENGE,x402v2,body,,,no_payee
https://api.nansen.ai/api/v1/profiler/address/current-balance,api.nansen.ai,CHALLENGE,x402v2,body,0x93053f1e7A5eFEDa532Fe69CbbE43cBEc3A0F13f;0x93053f1e7A5eFEDa532Fe69CbbE43cBEc3A0F13f;0x93053f1e7A5eFEDa532Fe69CbbE43cBEc3A0F13f;0x93053f1e7A5eFEDa532Fe69CbbE43cBEc3A0F13f;0x93053f1e7A5eFEDa532Fe69CbbE43cBEc3A0F13f;0x93053f1e7A5eFEDa532Fe69CbbE43cBEc3A0F13f;0x93053f1e7A5eFEDa532Fe69CbbE43cBEc3A0F13f,0,A_out
https://api.justaname.id/ens/v2/resolve,api.justaname.id,CHALLENGE,evm,header,0xC529EDD6D47C60923902514C7C0B3993ae42C2ec,0,A_out
https://lionx402.com/api/x402/wallet-screen-json,lionx402.com,CHALLENGE,x402v2,body,,,no_payee
https://api.anchor-x402.com/v1/roll,api.anchor-x402.com,CHALLENGE,x402v2,body,0x127462e296fAc1A7F5cF33bA57bB2f0FFf5cD0B6;0x127462e296fAc1A7F5cF33bA57bB2f0FFf5cD0B6;0x127462e296fAc1A7F5cF33bA57bB2f0FFf5cD0B6,0,A_out
https://tick.hugen.tokyo/tick/latest,tick.hugen.tokyo,CHALLENGE,x402v2,body,,,no_payee
https://api.webbersites.com/api/seo/metadata,api.webbersites.com,CHALLENGE,evm,header,0xdd5fcEa81CA6f1EB39FEd5B973DE794293B81ba6,0,A_out
https://rubric-protocol.com/v1/x402/hedera-facts/supply,rubric-protocol.com,CHALLENGE,x402v2,body,0xaB6731A0BcDf511c2842C768a03448075aB654ca,0,A_out
https://dns.use.x402atlas.com/whois,dns.use.x402atlas.com,CHALLENGE,x402v2,body,0x446e51DeAb3aE656C99E65369e8eF1148d23d7f7;0x446e51DeAb3aE656C99E65369e8eF1148d23d7f7;0x446e51DeAb3aE656C99E65369e8eF1148d23d7f7,0,A_out
https://www.getbags.app/api/v1,www.getbags.app,CHALLENGE,x402v2,body,0x374cFb844a5C702d637d72a5387fD9EF6B82108C;0x374cFb844a5C702d637d72a5387fD9EF6B82108C,0,A_out
https://api.kadec0.xyz/v1/serp,api.kadec0.xyz,CHALLENGE,x402v2,body,0x4df66B6c140778fe0717880A7c6dDE5Ea53AcDeA,0,A_out
https://options.lonestaroracle.xyz/flow,options.lonestaroracle.xyz,CHALLENGE,x402v2,body,0x52Ab53912D37759B2ad364f22dD06B16714b6C06,0,A_out
https://x402.fuchss.app/v1/x402-trust,x402.fuchss.app,CHALLENGE,x402v2,body,0xbBECBE90F28632a9d52ed67b33b43767b8c89285,0,A_out
https://stabletravel.dev/api/seats-aero/search,stabletravel.dev,CHALLENGE,tempo,header,0xDd257723b86B4947483905cdAcBbBC70fACF2ec0,0,A_out
https://agentpay.tools/tools/pre_trade_check/call,agentpay.tools,CHALLENGE,x402v2,body,0xE8B25A72dD6aeF69515452a61AD231C7DF2843b7;0xE8B25A72dD6aeF69515452a61AD231C7DF2843b7,0,A_out
https://evm-gas.apitoll.cloud/v1/evm/gas,evm-gas.apitoll.cloud,CHALLENGE,x402v2,body,,,no_payee
https://quokkapix.com/api/agent-unlock/coinbase-x402,quokkapix.com,CHALLENGE,x402v2,body,,,no_payee
https://email-auth.use.x402atlas.com/check,email-auth.use.x402atlas.com,CHALLENGE,x402v2,body,0x3731f5C2c1835E3aCe2AC157c4e31b1cEA0CB0e0;0x3731f5C2c1835E3aCe2AC157c4e31b1cEA0CB0e0;0x3731f5C2c1835E3aCe2AC157c4e31b1cEA0CB0e0,0,A_out
https://x402.api.browser-use.com/api/v3/sessions,x402.api.browser-use.com,CHALLENGE,x402v2,body,,,no_payee
https://coingecko.use.x402atlas.com/price,coingecko.use.x402atlas.com,CHALLENGE,x402v2,body,0x32793F68dC2EA26BBC75eB900DA120069e8B6d02;0x32793F68dC2EA26BBC75eB900DA120069e8B6d02;0x32793F68dC2EA26BBC75eB900DA120069e8B6d02,0,A_out
https://gateway.stride20k.com/v1/category-breakdown,gateway.stride20k.com,CHALLENGE,x402v2,body,,,no_payee
https://api.printmoneylab.com/api/v1/kr-prices,api.printmoneylab.com,CHALLENGE,x402v2,body,0xcF9223eCe895258dEa8D288AEBcf846Ab8E342fB;0xcF9223eCe895258dEa8D288AEBcf846Ab8E342fB,0,A_out
https://websearch.use.x402atlas.com/search,websearch.use.x402atlas.com,CHALLENGE,x402v2,body,0xF752eEB75d3Bea24AA867ad93bfd8EF5a2F431B9;0xF752eEB75d3Bea24AA867ad93bfd8EF5a2F431B9;0xF752eEB75d3Bea24AA867ad93bfd8EF5a2F431B9,0,A_out
https://keyronne.com/api/json-repair,keyronne.com,CHALLENGE,x402v2,body,0xB86F95EF5FA904318Ea9Df3b59AdCe099b478fC4,0,A_out
https://minifetch.com/api/v1/x402/preflight/url-check,minifetch.com,CHALLENGE,x402v2,body,,,no_payee
https://reddit.apitoll.cloud/v1/reddit/search,reddit.apitoll.cloud,CHALLENGE,x402v2,body,,,no_payee
https://xmedia.use.x402atlas.com/tweet,xmedia.use.x402atlas.com,CHALLENGE,x402v2,body,0xb708AF3BcE13517357E498f8fFd277dE93db9ef5;0xb708AF3BcE13517357E498f8fFd277dE93db9ef5;0xb708AF3BcE13517357E498f8fFd277dE93db9ef5,0,A_out
https://hyperliquid-predict.use.x402atlas.com/outcomes,hyperliquid-predict.use.x402atlas.com,CHALLENGE,x402v2,body,0xA55B06462A2e48661bAdF22f5841F95aE654b716;0xA55B06462A2e48661bAdF22f5841F95aE654b716;0xA55B06462A2e48661bAdF22f5841F95aE654b716,0,A_out
https://pro-api.coingecko.com/api/v3/x402/onchain/search/pools,pro-api.coingecko.com,CHALLENGE,x402v2,body,,,no_payee
https://wallets-demo-seller-server.calebgcarithers.workers.dev/weather,wallets-demo-seller-server.calebgcarithers.workers.dev,CHALLENGE,x402v2,body,,,no_payee
https://news.apitoll.cloud/v1/cointelegraph/news,news.apitoll.cloud,CHALLENGE,x402v2,body,,,no_payee
https://gridpulse.theaslangroupllc.com/api/energy/carbon-intensity,gridpulse.theaslangroupllc.com,CHALLENGE,x402v2,body,0x50ab2018c06c6E4eAA9BA52057Eb55eD284912fc,0,A_out
https://ozmium.org/v1/loan/markets,ozmium.org,CHALLENGE,x402v2,body,0x53a05c0eed6cbf065f31aedbae7b0d8ce1a0f4db;0x53a05c0eed6cbf065f31aedbae7b0d8ce1a0f4db,0,A_out
https://readx.sh/api/search/tweets,readx.sh,CHALLENGE,x402v2,body,,,no_payee
https://x402.botsmith.dev/x/search,x402.botsmith.dev,CHALLENGE,x402v2,body,,,no_payee
https://youtube.use.x402atlas.com/transcript,youtube.use.x402atlas.com,CHALLENGE,x402v2,body,0x8C128f1Ee62Bb5e47867CfbAe2ad89be325Df1b2;0x8C128f1Ee62Bb5e47867CfbAe2ad89be325Df1b2;0x8C128f1Ee62Bb5e47867CfbAe2ad89be325Df1b2,0,A_out
https://cdp-agent-0-01.onrender.com/,cdp-agent-0-01.onrender.com,CHALLENGE,x402v2,body,,,no_payee
https://voidfeed.ai/v1/content/extract/dataset/latest,voidfeed.ai,CHALLENGE,x402v2,body,,,no_payee
https://fresh-feeds.foomworks.workers.dev/feeds/mcp-registry/changes,fresh-feeds.foomworks.workers.dev,CHALLENGE,x402v2,body,,,no_payee
https://srv1334799.hstgr.cloud/v1/x402/demand/snapshot,srv1334799.hstgr.cloud,CHALLENGE,x402v2,body,,,no_payee
https://api.linkedpanda.com/agent/v1/profiles/email,api.linkedpanda.com,CHALLENGE,x402v2,body,0xe740D5701749D262dA5E4Fcb9f814c5B6D91Cf46,0,A_out
https://preppers-paradise.com/library/automatetheboringstuffwithpythonnew/02-what-is-programming.md,preppers-paradise.com,CHALLENGE,x402v2,body,0x3BF4F4914F78C3C2B2F2801f8EA717135B7D3BDF,0,A_out
https://api.aidress.ai/pay/agent_ottoai_crypto_news,api.aidress.ai,CHALLENGE,x402v2,body,0x0E84dDEdAaE6A779c462C22a59F301EC31B6b808;0x0E84dDEdAaE6A779c462C22a59F301EC31B6b808,0,A_out
https://api.vaults.fyi/v2/vaults,api.vaults.fyi,CHALLENGE,x402v2,body,0x108BCd8a07C3fdfca3Aa500784A8573123a1029F;0x108BCd8a07C3fdfca3Aa500784A8573123a1029F,0,A_out
https://api.402rates.com/v1/ping,api.402rates.com,CHALLENGE,x402v2,body,,,no_payee
https://intel.chainquery.com/v1/fee-pressure,intel.chainquery.com,CHALLENGE,x402v2,body,,,no_payee
https://api.nativebtc.org/v1/mempool/stream-ticket,api.nativebtc.org,CHALLENGE,x402v2,body,0x0300E73759B357ceeE5A248d1801eCb8abf7A1d4;0x0300E73759B357ceeE5A248d1801eCb8abf7A1d4;0x0300E73759B357ceeE5A248d1801eCb8abf7A1d4;0x0300E73759B357ceeE5A248d1801eCb8abf7A1d4,0,A_out
https://api.robotsshop.io/v0/search,api.robotsshop.io,NO_402,,,,,
https://agent402.tools/api/random,agent402.tools,CHALLENGE,tempo,header,0xaBF4FAbd7c416fB67202E5f9002389Fc75e2a9D0,0,A_out
https://metals.lonestaroracle.xyz/report,metals.lonestaroracle.xyz,CHALLENGE,x402v2,body,0x52Ab53912D37759B2ad364f22dD06B16714b6C06,0,A_out
https://hyperliquid-accounts.use.x402atlas.com/spot,hyperliquid-accounts.use.x402atlas.com,CHALLENGE,x402v2,body,0xE79Aa9d55170f7E1AC420266ec93A6c28c436de8;0xE79Aa9d55170f7E1AC420266ec93A6c28c436de8;0xE79Aa9d55170f7E1AC420266ec93A6c28c436de8,0,A_out
https://x402.charliemorrison.dev/extract,x402.charliemorrison.dev,CHALLENGE,x402v2,body,,,no_payee
https://agentdataapi.onrender.com/launches,agentdataapi.onrender.com,CHALLENGE,x402v2,body,,,no_payee
https://x402-data-api.onrender.com/api/geo,x402-data-api.onrender.com,CHALLENGE,evm,header,0xdd5fcEa81CA6f1EB39FEd5B973DE794293B81ba6,0,A_out
https://jmt-x402-proxy.jmthomasofficial.workers.dev/v2/api/whois,jmt-x402-proxy.jmthomasofficial.workers.dev,CHALLENGE,x402v2,body,,,no_payee
https://oblique.markets/api/v1/paid/bazaar-pulse,oblique.markets,CHALLENGE,tempo,header,0xD96A87Ee6867F3A1104cb7B4ae28f19790Ec3D6d,0,A_out
https://scvd.store/api/buy/small_blessing,scvd.store,CHALLENGE,evm,header,0xDD350976B8cfFc65938C0464d39A2C78BE079bd0,0,A_out
https://www.x402scan.com/api/x402/merchants,www.x402scan.com,CHALLENGE,,unparsed,,,no_payee
https://api.utilia.ink/base/v1/fees/priority,api.utilia.ink,ERR,,,,,
https://sandbox.node4all.com/v1/x402-test,sandbox.node4all.com,CHALLENGE,x402v2,body,,,no_payee
https://twitter.use.x402atlas.com/search,twitter.use.x402atlas.com,CHALLENGE,x402v2,body,0x51D577C8CBB8b3fB1BA0CE31c7923cC27a07F78B;0x51D577C8CBB8b3fB1BA0CE31c7923cC27a07F78B;0x51D577C8CBB8b3fB1BA0CE31c7923cC27a07F78B,0,A_out
https://pro-api.coinmarketcap.com/x402/v3/cryptocurrency/quotes/latest,pro-api.coinmarketcap.com,CHALLENGE,x402v2,body,0x3C5f3a6cE224BB89D72f5EB4232ecC27F67B3eeA;0x3C5f3a6cE224BB89D72f5EB4232ecC27F67B3eeA;0x3C5f3a6cE224BB89D72f5EB4232ecC27F67B3eeA;0x3C5f3a6cE224BB89D72f5EB4232ecC27F67B3eeA;0x3C5f3a6cE224BB89D72f5EB4232ecC27F67B3eeA;0x3C5f3a6cE224BB89D72f5EB4232ecC27F67B3eeA;0x3C5f3a6cE224BB89D72f5EB4232ecC27F67B3eeA,0,A_out
https://x402.dailyelo.com/v1/threats/recent,x402.dailyelo.com,CHALLENGE,x402v2,body,,,no_payee
https://holidays.use.x402atlas.com/check,holidays.use.x402atlas.com,CHALLENGE,x402v2,body,0x8C128f1Ee62Bb5e47867CfbAe2ad89be325Df1b2;0x8C128f1Ee62Bb5e47867CfbAe2ad89be325Df1b2;0x8C128f1Ee62Bb5e47867CfbAe2ad89be325Df1b2,0,A_out
https://headers.use.x402atlas.com/,headers.use.x402atlas.com,CHALLENGE,x402v2,body,0x7f8043c400799643bcb62B41B84b297a8Ecb7b9c;0x7f8043c400799643bcb62B41B84b297a8Ecb7b9c;0x7f8043c400799643bcb62B41B84b297a8Ecb7b9c,0,A_out
https://cpi-report-us.underscoredone.com/cpi,cpi-report-us.underscoredone.com,CHALLENGE,x402v2,body,,,no_payee
https://api.n0brains.com/x402/macro,api.n0brains.com,CHALLENGE,x402v2,body,,,no_payee
https://router.mudko.com/api/x402/route,router.mudko.com,CHALLENGE,x402v2,body,0x53598173ce7c26025bab0520d9e9d0c28fbcf7de,0,A_out
https://app.wellnizz.com/labs/search,app.wellnizz.com,CHALLENGE,x402v2,body,,,no_payee
https://store.agentexchange.work/crypto/prices,store.agentexchange.work,CHALLENGE,x402v2,body,0xc91cE6291eDC0713ec753BAFBA002506ffb2b95c,0,A_out
https://macro.lonestaroracle.xyz/macro,macro.lonestaroracle.xyz,CHALLENGE,x402v2,body,0x52Ab53912D37759B2ad364f22dD06B16714b6C06,0,A_out
https://wiki.use.x402atlas.com/summary,wiki.use.x402atlas.com,CHALLENGE,x402v2,body,0x6A706D6Fcf192C15fB592d7502258Ed41425DD36;0x6A706D6Fcf192C15fB592d7502258Ed41425DD36;0x6A706D6Fcf192C15fB592d7502258Ed41425DD36,0,A_out
https://marketdata.use.x402atlas.com/insider-trades,marketdata.use.x402atlas.com,CHALLENGE,x402v2,body,0x9D667BC76F166322df087b3B3927D4d83D44A5d0;0x9D667BC76F166322df087b3B3927D4d83D44A5d0;0x9D667BC76F166322df087b3B3927D4d83D44A5d0,0,A_out
https://hyperliquid.use.x402atlas.com/perps-meta,hyperliquid.use.x402atlas.com,CHALLENGE,x402v2,body,0x383190a4F26F075Fc2c73F6738eAbf4Dc6F33442;0x383190a4F26F075Fc2c73F6738eAbf4Dc6F33442;0x383190a4F26F075Fc2c73F6738eAbf4Dc6F33442,0,A_out
https://x402.payperbyte.io/feeds/weather,x402.payperbyte.io,CHALLENGE,x402v2,body,0xffFf4B8Da8C165B556326453446F6940C8AFE0DB,0,A_out
https://straits.live/api/premium/brief,straits.live,CHALLENGE,x402v2,body,,,no_payee
https://safetyincidents.org/api/x402/severe-injuries,safetyincidents.org,CHALLENGE,x402v2,body,,,no_payee
https://supply.lonestaroracle.xyz/report,supply.lonestaroracle.xyz,CHALLENGE,x402v2,body,0x52Ab53912D37759B2ad364f22dD06B16714b6C06,0,A_out
https://hl-tool.darren-pi.workers.dev/v1/funding/extremes,hl-tool.darren-pi.workers.dev,CHALLENGE,x402v2,body,,,no_payee
https://api-v2.ixs.finance/x402/vaults,api-v2.ixs.finance,CHALLENGE,x402v2,body,0xE341Add833F9d62082e97eA260BAA6546Cd09F73,0,A_out
https://screenshots.underscoredone.com/capture,screenshots.underscoredone.com,CHALLENGE,x402v2,body,,,no_payee
https://vedetta.dethboy.com/v1/feed,vedetta.dethboy.com,CHALLENGE,x402v2,body,0x21E16F1bc3aA847236354C8193D0cB21cF412eFA,0,A_out
https://toolsmith-api.dassad10.workers.dev/t/crypto/gas,toolsmith-api.dassad10.workers.dev,CHALLENGE,x402v2,body,,,no_payee
https://api.oblique.markets/api/v1/paid/time,api.oblique.markets,CHALLENGE,tempo,header,0xD96A87Ee6867F3A1104cb7B4ae28f19790Ec3D6d,0,A_out
https://palmyr.ai/social/twitter/pool/mine,palmyr.ai,CHALLENGE,x402v2,body,0x79e999e2f9d5417F2803f1d88602aB1EA4323881,0,A_out
https://api.builtwith.com/agent/domain,api.builtwith.com,CHALLENGE,x402v2,body,,,no_payee
https://api.robinx.io/agent/features,api.robinx.io,CHALLENGE,x402v2,body,0xA13d363AeCCCF878Ec64f6eB687Eb4A771FB0599,0,A_out
https://x402.clashofcoins.com/x402/cheap-health,x402.clashofcoins.com,CHALLENGE,x402v2,body,0x8b29DABD6fBb5A09DAcbC7978eaed66A8540721d;0x8b29DABD6fBb5A09DAcbC7978eaed66A8540721d,0,A_out
https://x402-mcp.onrender.com/base/tx-decision,x402-mcp.onrender.com,CHALLENGE,x402v2,body,,,no_payee
https://perpsignals.use.x402atlas.com/pairs,perpsignals.use.x402atlas.com,CHALLENGE,x402v2,body,0x82096bF08d81c14C678E915A04Fcf150958eE571;0x82096bF08d81c14C678E915A04Fcf150958eE571;0x82096bF08d81c14C678E915A04Fcf150958eE571,0,A_out
https://insider.lonestaroracle.xyz/trades,insider.lonestaroracle.xyz,CHALLENGE,x402v2,body,0x52Ab53912D37759B2ad364f22dD06B16714b6C06,0,A_out
https://www.tereno.xyz/api/v1/capabilities/chain.snapshot/invoke,www.tereno.xyz,CHALLENGE,x402v2,body,,,no_payee
https://stablecoinpulse.theaslangroupllc.com/api/depeg-tick,stablecoinpulse.theaslangroupllc.com,CHALLENGE,x402v2,body,0x50ab2018c06c6E4eAA9BA52057Eb55eD284912fc,0,A_out
https://x402.jmthomasofficial.com/v2/api/edgar-company-lookup,x402.jmthomasofficial.com,CHALLENGE,x402v2,body,,,no_payee
https://brasil-dados-api.onrender.com/cambio,brasil-dados-api.onrender.com,CHALLENGE,x402v2,body,,,no_payee
https://whale.lonestaroracle.xyz/whales,whale.lonestaroracle.xyz,CHALLENGE,x402v2,body,0x52Ab53912D37759B2ad364f22dD06B16714b6C06,0,A_out
https://realestate.lonestaroracle.xyz/report,realestate.lonestaroracle.xyz,CHALLENGE,x402v2,body,0x52Ab53912D37759B2ad364f22dD06B16714b6C06,0,A_out
https://hotels.use.x402atlas.com/search,hotels.use.x402atlas.com,CHALLENGE,x402v2,body,0x28410EaC7393dba041cd5a92eEfe7a8E834310bb;0x28410EaC7393dba041cd5a92eEfe7a8E834310bb;0x28410EaC7393dba041cd5a92eEfe7a8E834310bb,0,A_out
https://defillama.use.x402atlas.com/yields,defillama.use.x402atlas.com,CHALLENGE,x402v2,body,0xCB8025D951e5E45Be7D288B658EEee6f05713006;0xCB8025D951e5E45Be7D288B658EEee6f05713006;0xCB8025D951e5E45Be7D288B658EEee6f05713006,0,A_out
https://unwrap.use.x402atlas.com/,unwrap.use.x402atlas.com,CHALLENGE,x402v2,body,0x492eC81ECf395FbEa2F19fECe203ee14D0544B71;0x492eC81ECf395FbEa2F19fECe203ee14D0544B71;0x492eC81ECf395FbEa2F19fECe203ee14D0544B71,0,A_out
https://sitemap-url-extractor.underscoredone.com/extract,sitemap-url-extractor.underscoredone.com,CHALLENGE,x402v2,body,,,no_payee
https://port-scanner.underscoredone.com/scan,port-scanner.underscoredone.com,CHALLENGE,x402v2,body,,,no_payee
https://racingpulse.theaslangroupllc.com/api/going,racingpulse.theaslangroupllc.com,CHALLENGE,x402v2,body,0x50ab2018c06c6E4eAA9BA52057Eb55eD284912fc,0,A_out
https://api.telemost.io/v1/ads/networks,api.telemost.io,CHALLENGE,x402v2,body,,,no_payee
https://api.brazilayer.com/v1/tributos/calendario,api.brazilayer.com,CHALLENGE,x402v2,body,0x3Cc1D8ee1dfdFd326c19B0884B8dF4b24B623f0c,0,A_out
https://76.13.79.47.nip.io/token-signal-x402/v1/x402-preflight,76.13.79.47.nip.io,ERR,,,,,
https://coil.trade/api/crypto/gate,coil.trade,CHALLENGE,usdc,header,0x7B53524d5c5D29EfB8C1d128C56F62FE38Cd9476,0,A_out
https://labor.lonestaroracle.xyz/labor,labor.lonestaroracle.xyz,CHALLENGE,x402v2,body,0x52Ab53912D37759B2ad364f22dD06B16714b6C06,0,A_out
https://stable.lonestaroracle.xyz/pulse,stable.lonestaroracle.xyz,CHALLENGE,x402v2,body,0x52Ab53912D37759B2ad364f22dD06B16714b6C06,0,A_out
https://trabotpro.it/api/a2a/x402/pearl/detail,trabotpro.it,CHALLENGE,x402v2,body,0x175562431dFcb38aB3a1762B7fc1fbC08A93BbbB,0,A_out
https://onchainpulse.theaslangroupllc.com/api/evmtoken,onchainpulse.theaslangroupllc.com,CHALLENGE,x402v2,body,0x50ab2018c06c6E4eAA9BA52057Eb55eD284912fc,0,A_out
https://alpha402x.com/10q-highlights/AAPL,alpha402x.com,CHALLENGE,x402v2,body,,,no_payee
https://latam.lonestaroracle.xyz/report,latam.lonestaroracle.xyz,CHALLENGE,x402v2,body,0x52Ab53912D37759B2ad364f22dD06B16714b6C06,0,A_out
https://grid.lonestaroracle.xyz/report,grid.lonestaroracle.xyz,CHALLENGE,x402v2,body,0x52Ab53912D37759B2ad364f22dD06B16714b6C06,0,A_out
https://chainscout.lonestaroracle.xyz/report,chainscout.lonestaroracle.xyz,CHALLENGE,x402v2,body,0x52Ab53912D37759B2ad364f22dD06B16714b6C06,0,A_out
https://domain-age-checker.underscoredone.com/lookup,domain-age-checker.underscoredone.com,CHALLENGE,x402v2,body,,,no_payee
https://api.stelardigital.com/telemetry,api.stelardigital.com,CHALLENGE,evm,header,0x32d711C66dD1AD0c42D0cFe48e58ee5f2dE7c243,0,A_out
https://api.invoket.com/iban/repair,api.invoket.com,CHALLENGE,x402v2,body,0x4465825B0ac713aA2Fa07Ea29023020804A128ee,0,A_out
https://equity.lonestaroracle.xyz/equity,equity.lonestaroracle.xyz,CHALLENGE,x402v2,body,0x52Ab53912D37759B2ad364f22dD06B16714b6C06,0,A_out
https://centry.cybercentry.co.uk/api/services/wallet_verification,centry.cybercentry.co.uk,CHALLENGE,x402v2,body,,,no_payee
https://dokimo.augaster.com/paid/verify,dokimo.augaster.com,CHALLENGE,x402v2,body,,,no_payee
https://gate402.app/v1/proxy,gate402.app,CHALLENGE,x402v2,body,0x8E57BFDE053dBb6862991759c19affC5F383d5D0;0x8E57BFDE053dBb6862991759c19affC5F383d5D0;0x8E57BFDE053dBb6862991759c19affC5F383d5D0;0x8E57BFDE053dBb6862991759c19affC5F383d5D0;0x8E57BFDE053dBb6862991759c19affC5F383d5D0,0,A_out
https://toolcall.click/t/fx/rates,toolcall.click,CHALLENGE,x402v2,body,,,no_payee
https://x402-seller.onrender.com/gas/price,x402-seller.onrender.com,CHALLENGE,x402v2,body,,,no_payee
https://macropulse.theaslangroupllc.com/api/macro/us,macropulse.theaslangroupllc.com,CHALLENGE,x402v2,body,0x50ab2018c06c6E4eAA9BA52057Eb55eD284912fc,0,A_out
https://api.x402intel.uk/x402-market,api.x402intel.uk,CHALLENGE,x402v2,body,0x7b13107779CfDA1bEba3289d0Fbe27310436f3E3,0,A_out
https://appstore.use.x402atlas.com/reviews,appstore.use.x402atlas.com,CHALLENGE,x402v2,body,0x59ea036C64f0F54CDD14a3BE8a1a6586B58DA71c;0x59ea036C64f0F54CDD14a3BE8a1a6586B58DA71c;0x59ea036C64f0F54CDD14a3BE8a1a6586B58DA71c,0,A_out
https://wallet-sanctions.use.x402atlas.com/check,wallet-sanctions.use.x402atlas.com,CHALLENGE,x402v2,body,0x8C128f1Ee62Bb5e47867CfbAe2ad89be325Df1b2;0x8C128f1Ee62Bb5e47867CfbAe2ad89be325Df1b2;0x8C128f1Ee62Bb5e47867CfbAe2ad89be325Df1b2,0,A_out
https://places.use.x402atlas.com/local,places.use.x402atlas.com,CHALLENGE,x402v2,body,0x59ea036C64f0F54CDD14a3BE8a1a6586B58DA71c;0x59ea036C64f0F54CDD14a3BE8a1a6586B58DA71c;0x59ea036C64f0F54CDD14a3BE8a1a6586B58DA71c,0,A_out
https://ssl.use.x402atlas.com/check,ssl.use.x402atlas.com,CHALLENGE,x402v2,body,0xD7FE185ddaa9664c9211EC1ccDAc073Ef79215bf;0xD7FE185ddaa9664c9211EC1ccDAc073Ef79215bf;0xD7FE185ddaa9664c9211EC1ccDAc073Ef79215bf,0,A_out
https://tooloracle.io/v2/macro_snapshot,tooloracle.io,CHALLENGE,x402v2,body,0x11f591C3496C0632e7B173184f5Bc71dC941125D,0,A_out
https://app.suedeai.ai/create-music,app.suedeai.ai,CHALLENGE,x402v2,body,0x10FF767043A1723E0BB5B9207bC37D3442cC9E4F,0,A_out
https://chain-analyzer.com/api/v1/x402/ping,chain-analyzer.com,CHALLENGE,x402v2,body,0xe8e26183736D796d401Df30810207465fa708959,0,A_out
https://orcpin.dev/v1/endpoint-reliability,orcpin.dev,CHALLENGE,x402v2,body,0x8B1CF12e7efe6AEA59cD1124eBbe7709E3Ac6085,0,A_out
https://x402endpoint-utiwoa54hq-uc.a.run.app/auth,x402endpoint-utiwoa54hq-uc.a.run.app,CHALLENGE,evm,header,0x3291E96b3bff7eD56e3ca8364273C5b4654b2B37,0,A_out
https://hackernews-data.underscoredone.com/fetch,hackernews-data.underscoredone.com,CHALLENGE,x402v2,body,,,no_payee
https://cycle.lonestaroracle.xyz/cycle,cycle.lonestaroracle.xyz,CHALLENGE,x402v2,body,0x52Ab53912D37759B2ad364f22dD06B16714b6C06,0,A_out
https://launches.lonestaroracle.xyz/scan,launches.lonestaroracle.xyz,CHALLENGE,x402v2,body,0x52Ab53912D37759B2ad364f22dD06B16714b6C06,0,A_out
https://curl-http-request.underscoredone.com/curl,curl-http-request.underscoredone.com,CHALLENGE,x402v2,body,,,no_payee
https://citepulse.theaslangroupllc.com/api/institution,citepulse.theaslangroupllc.com,CHALLENGE,x402v2,body,0x50ab2018c06c6E4eAA9BA52057Eb55eD284912fc,0,A_out
https://arbipulse.theaslangroupllc.com/api/fx-premium,arbipulse.theaslangroupllc.com,CHALLENGE,x402v2,body,0x50ab2018c06c6E4eAA9BA52057Eb55eD284912fc,0,A_out
https://api.qist.info/api/hijri,api.qist.info,CHALLENGE,x402v2,body,,,no_payee
https://entropy.rip/api/financial/gas,entropy.rip,CHALLENGE,x402v2,body,0x4293f75E69b22Ee68AfA0F464dE86E5CD80BED75,0,A_out
https://orchard-data.letom1176.workers.dev/api/fear-greed,orchard-data.letom1176.workers.dev,CHALLENGE,x402v2,body,,,no_payee
https://signal.quickai.build/signal,signal.quickai.build,CHALLENGE,x402v2,body,,,no_payee
https://regimeshift.xyz/api/v1/asset/btc/vrp,regimeshift.xyz,CHALLENGE,x402v2,body,0x82B17D0bb4De9ae6c3491257B60E8245e70acd7B,0,A_out
https://x402.shizu.me/rand,x402.shizu.me,CHALLENGE,x402v2,body,0x217e5Fe265EB78b29067bF8324ef03a7D8e167C4,0,A_out
https://api.sirenic.eu/v1/recherche,api.sirenic.eu,CHALLENGE,x402v2,body,0x76A672EEe56D29D475b0715cc03B8C99D70EC8A2;0x76A672EEe56D29D475b0715cc03B8C99D70EC8A2,0,A_out
https://compute.lonestaroracle.xyz/report,compute.lonestaroracle.xyz,CHALLENGE,x402v2,body,0x52Ab53912D37759B2ad364f22dD06B16714b6C06,0,A_out
https://seo-data-extractor.underscoredone.com/extract,seo-data-extractor.underscoredone.com,CHALLENGE,x402v2,body,,,no_payee
https://http-status-checker.underscoredone.com/check,http-status-checker.underscoredone.com,CHALLENGE,x402v2,body,,,no_payee
https://dns-whois-lookup.underscoredone.com/lookup,dns-whois-lookup.underscoredone.com,CHALLENGE,x402v2,body,,,no_payee
https://qr-code-generator.underscoredone.com/generate,qr-code-generator.underscoredone.com,CHALLENGE,x402v2,body,,,no_payee
https://pulse.theaslangroupllc.com/api/blueprint,pulse.theaslangroupllc.com,CHALLENGE,x402v2,body,0x50ab2018c06c6E4eAA9BA52057Eb55eD284912fc,0,A_out
https://x402.fenixfoundry.com/resolution,x402.fenixfoundry.com,CHALLENGE,x402v2,body,,,no_payee
https://api.gitbeacon.dev/v1/repos,api.gitbeacon.dev,CHALLENGE,x402v2,body,0xf444abc53f5e1e73caec7df64d147ddb119514a0,0,A_out
https://api.agentstools.dev/search,api.agentstools.dev,CHALLENGE,x402v2,body,0xF22e558a00D91Ee12A1F50C52186FecB8dDFf493,0,A_out
https://netintel.dev/web/extract,netintel.dev,CHALLENGE,x402v2,body,0xdaDc335482AD545296Fd7b28518A251fFCbEb9Df,0,A_out
https://base-gas-x402-production.up.railway.app/gas,base-gas-x402-production.up.railway.app,CHALLENGE,x402v2,body,,,no_payee
https://x402-endpoints.onrender.com/macro/snapshot,x402-endpoints.onrender.com,CHALLENGE,x402v2,body,,,no_payee
https://tollbooth-hello.sjwilliams8.workers.dev/hello,tollbooth-hello.sjwilliams8.workers.dev,CHALLENGE,x402v2,body,,,no_payee
https://mysticapi.com/v1/sky/today,mysticapi.com,CHALLENGE,x402v2,body,0x40e5A6647803c2DD686049dcDC5F9c34817D7a7F,0,A_out
https://tollbooth-hello-testnet.sjwilliams8.workers.dev/hello,tollbooth-hello-testnet.sjwilliams8.workers.dev,CHALLENGE,x402v2,body,,,no_payee
https://api.insumermodel.com/v1/attest,api.insumermodel.com,CHALLENGE,x402v2,body,0xAd982CB19aCCa2923Df8F687C0614a7700255a23;0xAd982CB19aCCa2923Df8F687C0614a7700255a23;0xAd982CB19aCCa2923Df8F687C0614a7700255a23;0xAd982CB19aCCa2923Df8F687C0614a7700255a23,0,A_out
https://waterpulse.theaslangroupllc.com/api/water/gauge,waterpulse.theaslangroupllc.com,CHALLENGE,x402v2,body,0x50ab2018c06c6E4eAA9BA52057Eb55eD284912fc,0,A_out
https://stablefinance.dev/api/financial-metrics,stablefinance.dev,CHALLENGE,tempo,header,0xBD17480bf6ff056f7b91d9AdC9DfDa001eb7283D,0,A_out
https://token.lonestaroracle.xyz/report,token.lonestaroracle.xyz,CHALLENGE,x402v2,body,0x52Ab53912D37759B2ad364f22dD06B16714b6C06,0,A_out
https://data.greeneris.io/v1/global/lei,data.greeneris.io,CHALLENGE,x402v2,body,,,no_payee
https://svm402.com/analyze,svm402.com,CHALLENGE,x402v2,body,,,no_payee
https://stake.lonestaroracle.xyz/report,stake.lonestaroracle.xyz,CHALLENGE,x402v2,body,0x52Ab53912D37759B2ad364f22dD06B16714b6C06,0,A_out
https://api.orcatrace.dev/v1/latest,api.orcatrace.dev,CHALLENGE,x402v2,body,0xf444abc53f5e1e73caec7df64d147ddb119514a0,0,A_out
https://ebay.use.x402atlas.com/search,ebay.use.x402atlas.com,CHALLENGE,x402v2,body,0x8C128f1Ee62Bb5e47867CfbAe2ad89be325Df1b2;0x8C128f1Ee62Bb5e47867CfbAe2ad89be325Df1b2;0x8C128f1Ee62Bb5e47867CfbAe2ad89be325Df1b2,0,A_out
https://api.signalis.dev/v1/pulse/narratives,api.signalis.dev,CHALLENGE,x402v2,body,0xf444abc53f5e1e73caec7df64d147ddb119514a0,0,A_out
https://api.vindexapi.dev/v1/decode,api.vindexapi.dev,CHALLENGE,x402v2,body,0x444731dac7c9cde478147f41e621a064fcbe70f2,0,A_out
https://gdelt.use.x402atlas.com/search,gdelt.use.x402atlas.com,CHALLENGE,x402v2,body,0x8d64A4834e262d96d1264e8900b5a4F1405b8982;0x8d64A4834e262d96d1264e8900b5a4F1405b8982;0x8d64A4834e262d96d1264e8900b5a4F1405b8982,0,A_out
https://shopify-ai-rank-checker.underscoredone.com/rank,shopify-ai-rank-checker.underscoredone.com,CHALLENGE,x402v2,body,,,no_payee
https://ens-resolver.underscoredone.com/resolve,ens-resolver.underscoredone.com,CHALLENGE,x402v2,body,,,no_payee
https://oracle.the-undesirables.com/api/v1/trending,oracle.the-undesirables.com,NO_402,,,,,
https://api.atms.nathanlidurin.com/x402/challenge,api.atms.nathanlidurin.com,CHALLENGE,x402v2,body,,,no_payee
https://api.useatelier.ai/api/x402/pay/svc_1780812536114_y6pg8e7aw,api.useatelier.ai,CHALLENGE,x402v2,body,0xa8cc4011eb545ee5d436a599c9a8bd03dd1e1df3,0,A_out
https://x402-stablecoin-data-demo.ryan-ee4.workers.dev/v1/reports/stablecoin-bridge-flows,x402-stablecoin-data-demo.ryan-ee4.workers.dev,CHALLENGE,x402v2,body,,,no_payee
https://minerals.lonestaroracle.xyz/minerals,minerals.lonestaroracle.xyz,CHALLENGE,x402v2,body,0x52Ab53912D37759B2ad364f22dD06B16714b6C06,0,A_out
https://funding.lonestaroracle.xyz/rates,funding.lonestaroracle.xyz,CHALLENGE,x402v2,body,0x52Ab53912D37759B2ad364f22dD06B16714b6C06,0,A_out
https://mortgage-amortization.underscoredone.com/calculate,mortgage-amortization.underscoredone.com,CHALLENGE,x402v2,body,,,no_payee
https://leetspeak-translator.underscoredone.com/translate,leetspeak-translator.underscoredone.com,CHALLENGE,x402v2,body,,,no_payee
https://http-header-checker.underscoredone.com/check,http-header-checker.underscoredone.com,CHALLENGE,x402v2,body,,,no_payee
https://ads.apitoll.cloud/v1/ads/facebook/advertiser,ads.apitoll.cloud,CHALLENGE,x402v2,body,,,no_payee
https://api.babyblueviper.com/regime,api.babyblueviper.com,CHALLENGE,x402v2,body,0x161DbdD73D025E9aEdd4918a67c28e5bf9A87Fb9,0,A_out
https://ylk.one/v1/spikes,ylk.one,HTTP_502,,,,,
https://keystone-opportunity-api.keystone-opportunity.workers.dev/v1/opportunities,keystone-opportunity-api.keystone-opportunity.workers.dev,CHALLENGE,x402v2,body,,,no_payee
https://eltociear-skill-audit.hf.space/headers,eltociear-skill-audit.hf.space,CHALLENGE,x402v2,body,0x5bCDA55247B238a573A968B234F788a2D35664Dd,0,A_out
https://kaisha-api.hp-vladic.workers.dev/calendar/business-days,kaisha-api.hp-vladic.workers.dev,CHALLENGE,x402v2,body,,,no_payee
https://spark.lonestaroracle.xyz/power,spark.lonestaroracle.xyz,CHALLENGE,x402v2,body,0x52Ab53912D37759B2ad364f22dD06B16714b6C06,0,A_out
https://url-uptime-checker.underscoredone.com/check,url-uptime-checker.underscoredone.com,CHALLENGE,x402v2,body,,,no_payee
https://dmarc-lookup.underscoredone.com/dmarc-lookup,dmarc-lookup.underscoredone.com,CHALLENGE,x402v2,body,,,no_payee
https://asn-lookup.underscoredone.com/lookup,asn-lookup.underscoredone.com,CHALLENGE,x402v2,body,,,no_payee
https://filingspulse.theaslangroupllc.com/api/filings/quarterly,filingspulse.theaslangroupllc.com,CHALLENGE,x402v2,body,0x50ab2018c06c6E4eAA9BA52057Eb55eD284912fc,0,A_out
https://trader.rigoblock.com/api/quote,trader.rigoblock.com,CHALLENGE,x402v2,body,,,no_payee
https://attester.dev/v1/package/exists,attester.dev,CHALLENGE,x402v2,body,,,no_payee
https://embed.gedx402.com/v1/rerank,embed.gedx402.com,CHALLENGE,x402v2,body,,,no_payee
https://liq.lonestaroracle.xyz/liquidations,liq.lonestaroracle.xyz,CHALLENGE,x402v2,body,0x52Ab53912D37759B2ad364f22dD06B16714b6C06,0,A_out
https://app.heinrichstech.com/v1/cdp/echo,app.heinrichstech.com,CHALLENGE,x402v2,body,0xDa2F35d283c42dd60B965322394bc658a5c1769F,0,A_out
https://api.immuta.app/pulsechain/head,api.immuta.app,CHALLENGE,x402v2,body,,,no_payee
https://globalrules-api.onrender.com/api/v1/countries,globalrules-api.onrender.com,CHALLENGE,x402v2,body,,,no_payee
https://tradepulse.theaslangroupllc.com/api/trade/tariff,tradepulse.theaslangroupllc.com,CHALLENGE,x402v2,body,0x50ab2018c06c6E4eAA9BA52057Eb55eD284912fc,0,A_out
https://api.demandex.dev/v1/opportunities/trending,api.demandex.dev,CHALLENGE,x402v2,body,0xf444abC53f5e1E73CAec7df64D147DDB119514A0,0,A_out
https://api.moltalyzer.xyz/api/moltbook/digests,api.moltalyzer.xyz,CHALLENGE,x402v2,body,0xf444abc53f5e1e73caec7df64d147ddb119514a0,0,A_out
https://patentpulse.theaslangroupllc.com/api/patent/trademark,patentpulse.theaslangroupllc.com,CHALLENGE,x402v2,body,0x50ab2018c06c6E4eAA9BA52057Eb55eD284912fc,0,A_out
https://api.you.com/v1/search,api.you.com,CHALLENGE,tempo,header,0x0dcafaf5d06e75be9a5902ea12b06d326d40926b,0,A_out
https://x402.glassnode.com/v1/metadata/metrics,x402.glassnode.com,CHALLENGE,x402v2,body,,,no_payee
https://agentreader.dev/pdf,agentreader.dev,CHALLENGE,x402v2,body,,,no_payee
https://orionkr.xyz/v1/base/paid-api,orionkr.xyz,HTTP_502,,,,,
https://aeml-x402.zeabur.app/trust/precheck,aeml-x402.zeabur.app,CHALLENGE,x402v2,body,0x2d16a243ba9fAcC6AC85519d5efad2149DC4C6c3,0,A_out
https://travelpulse.theaslangroupllc.com/api/travel/deals,travelpulse.theaslangroupllc.com,CHALLENGE,x402v2,body,0x50ab2018c06c6E4eAA9BA52057Eb55eD284912fc,0,A_out
https://buildscottsbluff.com/v1/parcel/010070362,buildscottsbluff.com,CHALLENGE,x402v2,body,0x53a05c0Eed6cBf065F31aEDbAE7B0D8Ce1A0f4DB,0,A_out
https://hermesplant.com/api/agent-services/action-safety/quick,hermesplant.com,CHALLENGE,x402v2,body,,,no_payee
https://earnings.lonestaroracle.xyz/calendar,earnings.lonestaroracle.xyz,CHALLENGE,x402v2,body,0x52Ab53912D37759B2ad364f22dD06B16714b6C06,0,A_out
https://news.lonestaroracle.xyz/news,news.lonestaroracle.xyz,CHALLENGE,x402v2,body,0x52Ab53912D37759B2ad364f22dD06B16714b6C06,0,A_out
https://aero.lonestaroracle.xyz/pool,aero.lonestaroracle.xyz,CHALLENGE,x402v2,body,0x52Ab53912D37759B2ad364f22dD06B16714b6C06,0,A_out
https://moltmarket.store/revenue/market-intelligence,moltmarket.store,CHALLENGE,x402v2,body,,,no_payee
https://api.wallettriage.com/scan,api.wallettriage.com,CHALLENGE,x402v2,body,,,no_payee
https://prospectpulse.theaslangroupllc.com/api/prospect/satellite-availability,prospectpulse.theaslangroupllc.com,CHALLENGE,x402v2,body,0x50ab2018c06c6E4eAA9BA52057Eb55eD284912fc,0,A_out
https://consumer.lonestaroracle.xyz/consumer,consumer.lonestaroracle.xyz,CHALLENGE,x402v2,body,0x52Ab53912D37759B2ad364f22dD06B16714b6C06,0,A_out
https://api.dripmetrics.ai/metrics/vpin,api.dripmetrics.ai,CHALLENGE,x402v2,body,,,no_payee
https://agri.lonestaroracle.xyz/report,agri.lonestaroracle.xyz,CHALLENGE,x402v2,body,0x52Ab53912D37759B2ad364f22dD06B16714b6C06,0,A_out
https://weather.lonestaroracle.xyz/forecast,weather.lonestaroracle.xyz,CHALLENGE,x402v2,body,0x52Ab53912D37759B2ad364f22dD06B16714b6C06,0,A_out
https://mena.lonestaroracle.xyz/pulse,mena.lonestaroracle.xyz,CHALLENGE,x402v2,body,0x52Ab53912D37759B2ad364f22dD06B16714b6C06,0,A_out
https://google-patents.use.x402atlas.com/search,google-patents.use.x402atlas.com,CHALLENGE,x402v2,body,0x8C128f1Ee62Bb5e47867CfbAe2ad89be325Df1b2;0x8C128f1Ee62Bb5e47867CfbAe2ad89be325Df1b2;0x8C128f1Ee62Bb5e47867CfbAe2ad89be325Df1b2,0,A_out
https://cryptopulse.theaslangroupllc.com/api/event-odds,cryptopulse.theaslangroupllc.com,CHALLENGE,x402v2,body,0x50ab2018c06c6E4eAA9BA52057Eb55eD284912fc,0,A_out
https://taxpulse.theaslangroupllc.com/api/crypto/wallet-review,taxpulse.theaslangroupllc.com,CHALLENGE,x402v2,body,0x50ab2018c06c6E4eAA9BA52057Eb55eD284912fc,0,A_out
https://signalpulse.theaslangroupllc.com/api/scan/crypto-lite,signalpulse.theaslangroupllc.com,CHALLENGE,x402v2,body,0x50ab2018c06c6E4eAA9BA52057Eb55eD284912fc,0,A_out
https://clinicalintelpulse.theaslangroupllc.com/api/clinical/recall-check,clinicalintelpulse.theaslangroupllc.com,CHALLENGE,x402v2,body,0x50ab2018c06c6E4eAA9BA52057Eb55eD284912fc,0,A_out
https://careerpulse.theaslangroupllc.com/api/career/resume-critique,careerpulse.theaslangroupllc.com,CHALLENGE,x402v2,body,0x50ab2018c06c6E4eAA9BA52057Eb55eD284912fc,0,A_out
https://geopoliticalpulse.theaslangroupllc.com/api/geopolitical/country-risk,geopoliticalpulse.theaslangroupllc.com,CHALLENGE,x402v2,body,0x50ab2018c06c6E4eAA9BA52057Eb55eD284912fc,0,A_out
https://sqlguard.io/v1/cert,sqlguard.io,CHALLENGE,x402v2,body,0xC8d524703f1751b565a220087D1d4c44a413C1D7,0,A_out
https://bazaar-gateway.vercel.app/api/crypto-prices,bazaar-gateway.vercel.app,CHALLENGE,x402v2,body,,,no_payee
https://space.bip-rep.com/satellites,space.bip-rep.com,CHALLENGE,x402v2,body,,,no_payee
https://social.gedx402.com/v1/sociavault/twitter/search,social.gedx402.com,CHALLENGE,x402v2,body,,,no_payee
https://api.deepnets.ai/api/token-safety,api.deepnets.ai,CHALLENGE,x402v2,body,,,no_payee
https://api.stocktrends.com/v1/market/regime/latest,api.stocktrends.com,CHALLENGE,x402v2,body,0xAEeb8EaBdC05532a26123045f99D208EB1cC00ab,0,A_out
https://x402-api.aubr.ai/api/chat/encrypted,x402-api.aubr.ai,CHALLENGE,x402v2,body,0x44dC2dceaA22c7EF6B2E2cF2362Fd3FB476b7c2C,0,A_out
https://cryptyx.ai/api/funding-rate,cryptyx.ai,CHALLENGE,x402v2,body,,,no_payee
https://dealpulse.theaslangroupllc.com/api/deals/subscriptions,dealpulse.theaslangroupllc.com,CHALLENGE,x402v2,body,0x50ab2018c06c6E4eAA9BA52057Eb55eD284912fc,0,A_out
https://oi.lonestaroracle.xyz/oi,oi.lonestaroracle.xyz,CHALLENGE,x402v2,body,0x52Ab53912D37759B2ad364f22dD06B16714b6C06,0,A_out
https://ocr.underscoredone.com/read,ocr.underscoredone.com,CHALLENGE,x402v2,body,,,no_payee
https://json-suite.underscoredone.com/json,json-suite.underscoredone.com,CHALLENGE,x402v2,body,,,no_payee
https://hash-hmac.underscoredone.com/hash,hash-hmac.underscoredone.com,CHALLENGE,x402v2,body,,,no_payee
https://domain-availability-checker.underscoredone.com/check,domain-availability-checker.underscoredone.com,CHALLENGE,x402v2,body,,,no_payee
https://cors-header-checker.underscoredone.com/check,cors-header-checker.underscoredone.com,CHALLENGE,x402v2,body,,,no_payee
https://bimi-checker.underscoredone.com/check,bimi-checker.underscoredone.com,CHALLENGE,x402v2,body,,,no_payee
https://compliancepulse.theaslangroupllc.com/api/validate/lei,compliancepulse.theaslangroupllc.com,CHALLENGE,x402v2,body,0x50ab2018c06c6E4eAA9BA52057Eb55eD284912fc,0,A_out
https://policypulse.theaslangroupllc.com/api/register,policypulse.theaslangroupllc.com,CHALLENGE,x402v2,body,0x50ab2018c06c6E4eAA9BA52057Eb55eD284912fc,0,A_out
https://shopperpulse.theaslangroupllc.com/api/safety/merchant,shopperpulse.theaslangroupllc.com,CHALLENGE,x402v2,body,0x50ab2018c06c6E4eAA9BA52057Eb55eD284912fc,0,A_out
https://wealthpulse.theaslangroupllc.com/api/wealth/bank-check,wealthpulse.theaslangroupllc.com,CHALLENGE,x402v2,body,0x50ab2018c06c6E4eAA9BA52057Eb55eD284912fc,0,A_out
https://cyberpulse.theaslangroupllc.com/api/cyber/cve-check,cyberpulse.theaslangroupllc.com,CHALLENGE,x402v2,body,0x50ab2018c06c6E4eAA9BA52057Eb55eD284912fc,0,A_out
https://autopulse.theaslangroupllc.com/api/auto/vin-recall,autopulse.theaslangroupllc.com,CHALLENGE,x402v2,body,0x50ab2018c06c6E4eAA9BA52057Eb55eD284912fc,0,A_out
https://x402.tradesnack.com/ta,x402.tradesnack.com,CHALLENGE,x402v2,body,,,no_payee
https://runwayoracle.com/v1/oracle/v3/mdw-edge,runwayoracle.com,CHALLENGE,x402v2,body,,,no_payee
https://alphapulse.theaslangroupllc.com/api/alpha/vaults,alphapulse.theaslangroupllc.com,CHALLENGE,x402v2,body,0x50ab2018c06c6E4eAA9BA52057Eb55eD284912fc,0,A_out
https://webtools402.176-109-107-191.sslip.io/crypto/hash,webtools402.176-109-107-191.sslip.io,CHALLENGE,x402v2,body,0xF22e558a00D91Ee12A1F50C52186FecB8dDFf493,0,A_out
https://harvestpulse.theaslangroupllc.com/api/harvest/dirty-dozen,harvestpulse.theaslangroupllc.com,CHALLENGE,x402v2,body,0x50ab2018c06c6E4eAA9BA52057Eb55eD284912fc,0,A_out
https://marketpulse.theaslangroupllc.com/api/market/competitor-gap,marketpulse.theaslangroupllc.com,CHALLENGE,x402v2,body,0x50ab2018c06c6E4eAA9BA52057Eb55eD284912fc,0,A_out
https://gamepulse.theaslangroupllc.com/api/creator/roblox-check,gamepulse.theaslangroupllc.com,CHALLENGE,x402v2,body,0x50ab2018c06c6E4eAA9BA52057Eb55eD284912fc,0,A_out
https://browser.gedx402.com/v1/firecrawl/scrape,browser.gedx402.com,CHALLENGE,x402v2,body,,,no_payee
https://tripadvisor.x402.paysponge.com/api/v1/location/nearby_search,tripadvisor.x402.paysponge.com,CHALLENGE,x402v2,body,0x6302D9e6DBB22fEC3c350551568Bb39B4b35Ad57,0,A_out
https://x402.cloudpulsepoint.com/agent/check/http,x402.cloudpulsepoint.com,CHALLENGE,x402v2,body,0x05a877EF93E7818828D199E2Df0028bca3C75bf0,0,A_out
https://houjin.agentic-jp.com/stats,houjin.agentic-jp.com,CHALLENGE,x402v2,body,,,no_payee
https://seoul-weather-402.fly.dev/weather/seoul/current,seoul-weather-402.fly.dev,CHALLENGE,x402v2,body,,,no_payee
https://ads.forgemesh.io/api/network/stats,ads.forgemesh.io,CHALLENGE,evm,header,0x65E02cB7Fee27630bB7d1a3ADd02Ef7Aa2D21701,0,A_out
https://api.basefeed.io/v1/ping,api.basefeed.io,CHALLENGE,x402v2,body,,,no_payee
https://thevaultreport.com/api/x402/comex/deliveries,thevaultreport.com,CHALLENGE,x402v2,body,,,no_payee
https://skim402.com/api/v2/signal/ai-news/latest,skim402.com,CHALLENGE,x402v2,body,,,no_payee
https://x402-factory.com/v1/ping,x402-factory.com,CHALLENGE,x402v2,body,0xCc42Ed39a06b6cF3f484307eF76B88Bf56Fb305f,0,A_out
https://api.delx.ai/api/v1/x402/image,api.delx.ai,CHALLENGE,tempo,header,0x9f8bd9875b3E0b632a24A3A7C73f7787175e73A2,0,A_out
https://observer.137-184-67-179.sslip.io/paid/evidence-summary.json,observer.137-184-67-179.sslip.io,CHALLENGE,x402v2,body,,,no_payee
https://api.agentfeeds.jp/v1/reg/sanctions/heartbeat,api.agentfeeds.jp,CHALLENGE,x402v2,body,,,no_payee
https://api.biotechcatalystsentinel.com/v1/catalysts/upcoming,api.biotechcatalystsentinel.com,CHALLENGE,x402v2,body,0xcD8975137D48ED9bfD1C299a62c01420B860070d,0,A_out
https://api.predictionmarketdata.io/market-news,api.predictionmarketdata.io,CHALLENGE,x402v2,body,0x995c0abdcd2ad76548e5f7deb54d32549b2b781f,0,A_out
https://api.reloadpi.com/api/catalog/vouchers/brands,api.reloadpi.com,CHALLENGE,x402v2,body,,,no_payee
https://imagegen.coinopai.com/generate,imagegen.coinopai.com,CHALLENGE,evm,header,0x4C1a4FcE51Fea51f128a01ccE8BecB106d391155,0,A_out
https://brokenkey-api-link-tau.vercel.app/api/brokenkeyremapperlink,brokenkey-api-link-tau.vercel.app,CHALLENGE,x402v2,body,,,no_payee
https://human.twin3.ai/v1/human,human.twin3.ai,CHALLENGE,x402v2,body,,,no_payee
https://gblin.digital/api/x402/treasury-state,gblin.digital,CHALLENGE,x402v2,body,0x0ebA5d314F4f5Dcb7A094953Fa9311a45172dd1B,0,A_out
https://api.isocast.dev/v1/spot,api.isocast.dev,CHALLENGE,x402v2,body,0x44b16952484b6dbea40ede12927ee03a5ea6cdd3,0,A_out
https://402.com.tr/api/x402/chain-status,402.com.tr,CHALLENGE,x402v2,body,0x973a31858f4d2125f48c880542da11a2796f12d6,0,A_out
https://www.x402financialdata.com/crypto-prices,www.x402financialdata.com,CHALLENGE,x402v2,body,,,no_payee
https://diet.agentic-jp.com/members/search,diet.agentic-jp.com,CHALLENGE,x402v2,body,,,no_payee
https://pnl.lonestaroracle.xyz/pnl,pnl.lonestaroracle.xyz,CHALLENGE,x402v2,body,0x52Ab53912D37759B2ad364f22dD06B16714b6C06,0,A_out
https://api.socialfetch.dev/v1/reddit/search,api.socialfetch.dev,CHALLENGE,x402v2,body,,,no_payee
https://tools.bip-rep.com/dns,tools.bip-rep.com,CHALLENGE,x402v2,body,,,no_payee
https://dwelldata.io/api/deals/basic,dwelldata.io,CHALLENGE,x402v2,body,,,no_payee
https://voice.forgemesh.io/v1/tts/base,voice.forgemesh.io,CHALLENGE,x402v2,body,0x962794FB8aD92941fAf1ab446b9e30637B86F331,0,A_out
https://api.polym.uk/screener,api.polym.uk,CHALLENGE,x402v2,body,0x7b13107779CfDA1bEba3289d0Fbe27310436f3E3,0,A_out
https://bundle.lonestaroracle.xyz/scan,bundle.lonestaroracle.xyz,CHALLENGE,x402v2,body,0x52Ab53912D37759B2ad364f22dD06B16714b6C06,0,A_out
https://conch402.dylan-caponi.workers.dev/hail,conch402.dylan-caponi.workers.dev,CHALLENGE,x402v2,body,,,no_payee
https://weather.agentic-jp.com/areas,weather.agentic-jp.com,CHALLENGE,x402v2,body,,,no_payee
https://assay.nominal-labs.com/score,assay.nominal-labs.com,CHALLENGE,x402v2,body,,,no_payee
https://trade.lonestaroracle.xyz/trade,trade.lonestaroracle.xyz,CHALLENGE,x402v2,body,0x52Ab53912D37759B2ad364f22dD06B16714b6C06,0,A_out
https://ta.lonestaroracle.xyz/scan,ta.lonestaroracle.xyz,CHALLENGE,x402v2,body,0x52Ab53912D37759B2ad364f22dD06B16714b6C06,0,A_out
https://rugsense.xyz/api/launches/latest,rugsense.xyz,ERR,,,,,
https://x402.asterpay.io/v1/market/price/bitcoin,x402.asterpay.io,CHALLENGE,asterpay,header,0xd5f8481D8F25d3966d2010DBf9B47fFbdf745A9E,0,A_out
https://www.bitcoind.app/api/v1/methods,www.bitcoind.app,CHALLENGE,x402v2,body,,,no_payee
https://api.myceliasignal.com/oracle/price/btc/usd,api.myceliasignal.com,CHALLENGE,x402v2,body,0xD593832Ce9C2B13B192ba50B55dd9AF44e96700d;0xD593832Ce9C2B13B192ba50B55dd9AF44e96700d,0,A_out
https://x402.chainquery.com/v1/rpc/uptime,x402.chainquery.com,CHALLENGE,x402v2,body,,,no_payee
https://doc.lonestaroracle.xyz/convert,doc.lonestaroracle.xyz,CHALLENGE,x402v2,body,0x52Ab53912D37759B2ad364f22dD06B16714b6C06,0,A_out
https://portfolio.lonestaroracle.xyz/analyze,portfolio.lonestaroracle.xyz,CHALLENGE,x402v2,body,0x52Ab53912D37759B2ad364f22dD06B16714b6C06,0,A_out
https://contract.lonestaroracle.xyz/verify,contract.lonestaroracle.xyz,CHALLENGE,x402v2,body,0x52Ab53912D37759B2ad364f22dD06B16714b6C06,0,A_out
https://climatepulse.theaslangroupllc.com/api/climate/now,climatepulse.theaslangroupllc.com,CHALLENGE,x402v2,body,0x50ab2018c06c6E4eAA9BA52057Eb55eD284912fc,0,A_out
https://transit.agentic-jp.com/lines,transit.agentic-jp.com,CHALLENGE,x402v2,body,,,no_payee
https://gateway.sanfoundation.com/x402/v1/agents,gateway.sanfoundation.com,CHALLENGE,x402v2,body,,,no_payee
https://aiagentoracle.ai/api/v1/tokens,aiagentoracle.ai,CHALLENGE,x402v2,body,,,no_payee
https://agents.ai-rook.com/api/gas-tracker,agents.ai-rook.com,CHALLENGE,x402v2,body,,,no_payee
https://agenttoll.app/api/gas,agenttoll.app,CHALLENGE,x402v2,body,0xe55359021a6a22d8385b827405991c56075f56f8,0,A_out
https://router.forgemesh.io/api/services,router.forgemesh.io,CHALLENGE,evm,header,0xa1EbB2A8a8ed5497Cf09C861a1e135520A3B3396,0,A_out
https://api.stacktr.ee/publish,api.stacktr.ee,CHALLENGE,evm,header,0xcc985ba6934d134feec4824ba40258608f3a4333,0,A_out
https://rwa.lonestaroracle.xyz/rwa-risk,rwa.lonestaroracle.xyz,CHALLENGE,x402v2,body,0x52Ab53912D37759B2ad364f22dD06B16714b6C06,0,A_out
https://defi.lonestaroracle.xyz/risk,defi.lonestaroracle.xyz,CHALLENGE,x402v2,body,0x52Ab53912D37759B2ad364f22dD06B16714b6C06,0,A_out
https://cascade.lonestaroracle.xyz/risk,cascade.lonestaroracle.xyz,CHALLENGE,x402v2,body,0x52Ab53912D37759B2ad364f22dD06B16714b6C06,0,A_out
https://geo.lonestaroracle.xyz/risk,geo.lonestaroracle.xyz,CHALLENGE,x402v2,body,0x52Ab53912D37759B2ad364f22dD06B16714b6C06,0,A_out
https://lease.lonestaroracle.xyz/report,lease.lonestaroracle.xyz,CHALLENGE,x402v2,body,0x52Ab53912D37759B2ad364f22dD06B16714b6C06,0,A_out
https://govedge.lonestaroracle.xyz/report,govedge.lonestaroracle.xyz,CHALLENGE,x402v2,body,0x52Ab53912D37759B2ad364f22dD06B16714b6C06,0,A_out
https://wallet.lonestaroracle.xyz/score,wallet.lonestaroracle.xyz,CHALLENGE,x402v2,body,0x52Ab53912D37759B2ad364f22dD06B16714b6C06,0,A_out
https://jobs.use.x402atlas.com/search,jobs.use.x402atlas.com,CHALLENGE,x402v2,body,0x8C128f1Ee62Bb5e47867CfbAe2ad89be325Df1b2;0x8C128f1Ee62Bb5e47867CfbAe2ad89be325Df1b2;0x8C128f1Ee62Bb5e47867CfbAe2ad89be325Df1b2,0,A_out
https://api.mcx-ventures.com/v2/forensics,api.mcx-ventures.com,CHALLENGE,x402v2,body,0x2C9dB263F5dA45149820E2888E874196FAE67fBf,0,A_out
https://venturepulse.theaslangroupllc.com/api/startup/due-diligence,venturepulse.theaslangroupllc.com,CHALLENGE,x402v2,body,0x50ab2018c06c6E4eAA9BA52057Eb55eD284912fc,0,A_out
https://truthpulse.theaslangroupllc.com/api/truth/international-foia,truthpulse.theaslangroupllc.com,CHALLENGE,x402v2,body,0x50ab2018c06c6E4eAA9BA52057Eb55eD284912fc,0,A_out
https://talentpulse.theaslangroupllc.com/api/talent/skills-gap,talentpulse.theaslangroupllc.com,CHALLENGE,x402v2,body,0x50ab2018c06c6E4eAA9BA52057Eb55eD284912fc,0,A_out
https://tablepulse.theaslangroupllc.com/api/table/award-tracker,tablepulse.theaslangroupllc.com,CHALLENGE,x402v2,body,0x50ab2018c06c6E4eAA9BA52057Eb55eD284912fc,0,A_out
https://scholarpulse.theaslangroupllc.com/api/deadline,scholarpulse.theaslangroupllc.com,CHALLENGE,x402v2,body,0x50ab2018c06c6E4eAA9BA52057Eb55eD284912fc,0,A_out
https://scentpulse.theaslangroupllc.com/api/scent/price-per-ml,scentpulse.theaslangroupllc.com,CHALLENGE,x402v2,body,0x50ab2018c06c6E4eAA9BA52057Eb55eD284912fc,0,A_out
https://proppulse.theaslangroupllc.com/api/prop/rental-market,proppulse.theaslangroupllc.com,CHALLENGE,x402v2,body,0x50ab2018c06c6E4eAA9BA52057Eb55eD284912fc,0,A_out
https://parentpulse.theaslangroupllc.com/api/parent/childcare,parentpulse.theaslangroupllc.com,CHALLENGE,x402v2,body,0x50ab2018c06c6E4eAA9BA52057Eb55eD284912fc,0,A_out
https://mindpulse.theaslangroupllc.com/api/mind/grief,mindpulse.theaslangroupllc.com,CHALLENGE,x402v2,body,0x50ab2018c06c6E4eAA9BA52057Eb55eD284912fc,0,A_out
https://longevitypulse.theaslangroupllc.com/api/longevity/longevity-clinic,longevitypulse.theaslangroupllc.com,CHALLENGE,x402v2,body,0x50ab2018c06c6E4eAA9BA52057Eb55eD284912fc,0,A_out
https://legalpulse.theaslangroupllc.com/api/legal/trademark-check,legalpulse.theaslangroupllc.com,CHALLENGE,x402v2,body,0x50ab2018c06c6E4eAA9BA52057Eb55eD284912fc,0,A_out
https://grantpulse.theaslangroupllc.com/api/grant/loi,grantpulse.theaslangroupllc.com,CHALLENGE,x402v2,body,0x50ab2018c06c6E4eAA9BA52057Eb55eD284912fc,0,A_out
https://govspendpulse.theaslangroupllc.com/api/govspend/global-opportunities,govspendpulse.theaslangroupllc.com,CHALLENGE,x402v2,body,0x50ab2018c06c6E4eAA9BA52057Eb55eD284912fc,0,A_out
https://glowpulse.theaslangroupllc.com/api/glow/pregnancy-safe,glowpulse.theaslangroupllc.com,CHALLENGE,x402v2,body,0x50ab2018c06c6E4eAA9BA52057Eb55eD284912fc,0,A_out
https://footballpulse.theaslangroupllc.com/api/fpl-check,footballpulse.theaslangroupllc.com,CHALLENGE,x402v2,body,0x50ab2018c06c6E4eAA9BA52057Eb55eD284912fc,0,A_out
https://fieldpulse.theaslangroupllc.com/api/irrigation,fieldpulse.theaslangroupllc.com,CHALLENGE,x402v2,body,0x50ab2018c06c6E4eAA9BA52057Eb55eD284912fc,0,A_out
https://esgpulse.theaslangroupllc.com/api/esg/disclosure,esgpulse.theaslangroupllc.com,CHALLENGE,x402v2,body,0x50ab2018c06c6E4eAA9BA52057Eb55eD284912fc,0,A_out
https://edupulse.theaslangroupllc.com/api/loan/plan-check,edupulse.theaslangroupllc.com,CHALLENGE,x402v2,body,0x50ab2018c06c6E4eAA9BA52057Eb55eD284912fc,0,A_out
https://econsignalpulse.theaslangroupllc.com/api/econsignal/nightlights,econsignalpulse.theaslangroupllc.com,CHALLENGE,x402v2,body,0x50ab2018c06c6E4eAA9BA52057Eb55eD284912fc,0,A_out
https://debtpulse.theaslangroupllc.com/api/debt/collections,debtpulse.theaslangroupllc.com,CHALLENGE,x402v2,body,0x50ab2018c06c6E4eAA9BA52057Eb55eD284912fc,0,A_out
https://mimirapi.com/v1/ping,mimirapi.com,CHALLENGE,x402v2,body,0x40e5A6647803c2DD686049dcDC5F9c34817D7a7F,0,A_out
https://x402.swaphunt.dev/v1/tools/price/multi,x402.swaphunt.dev,CHALLENGE,x402v2,body,,,no_payee
https://api.trustsource.cc/sslcheck,api.trustsource.cc,CHALLENGE,x402v2,body,,,no_payee
https://x402stock.xyz/api/v1/news,x402stock.xyz,CHALLENGE,,unparsed,,,no_payee
https://api.interzoid.com/translatetoany,api.interzoid.com,CHALLENGE,x402v2,body,0xdCEca23FF8A7145e1b5B35427C9886CF21A67566,0,A_out
https://defi-ops-402.vercel.app/api/best,defi-ops-402.vercel.app,CHALLENGE,x402v2,body,0xDfC32f8Cb9d893Dfb9692143A4552B9Ddd352E08,0,A_out
https://agent-ready.dev/api/x402/scan,agent-ready.dev,CHALLENGE,evm,header,0x5c08951b999cc133eE4161a3a2B299160f66C42E,0,A_out
https://api-dev.cueframe.ai/v1/media,api-dev.cueframe.ai,CHALLENGE,x402v2,body,0x82134912Ccc71610DA9350Ff59CD279fAD494A98,0,A_out
https://mudko.com/api/x402/batch-scan,mudko.com,CHALLENGE,x402v2,body,0x53598173ce7c26025bab0520d9e9d0c28fbcf7de,0,A_out
https://crownblock.lonestaroracle.xyz/report,crownblock.lonestaroracle.xyz,CHALLENGE,x402v2,body,0x52Ab53912D37759B2ad364f22dD06B16714b6C06,0,A_out
https://agent-trust-layer.agent-trust-layer.workers.dev/verify,agent-trust-layer.agent-trust-layer.workers.dev,CHALLENGE,x402v2,body,,,no_payee
https://copperhead.lonestaroracle.xyz/audit,copperhead.lonestaroracle.xyz,CHALLENGE,x402v2,body,0x52Ab53912D37759B2ad364f22dD06B16714b6C06,0,A_out
https://cottonmouth.lonestaroracle.xyz/audit,cottonmouth.lonestaroracle.xyz,CHALLENGE,x402v2,body,0x52Ab53912D37759B2ad364f22dD06B16714b6C06,0,A_out
https://rattler.lonestaroracle.xyz/audit,rattler.lonestaroracle.xyz,CHALLENGE,x402v2,body,0x52Ab53912D37759B2ad364f22dD06B16714b6C06,0,A_out
https://airdroppulse.theaslangroupllc.com/api/lp/position-health,airdroppulse.theaslangroupllc.com,CHALLENGE,x402v2,body,0x50ab2018c06c6E4eAA9BA52057Eb55eD284912fc,0,A_out
https://immigrationpulse.theaslangroupllc.com/api/category-check,immigrationpulse.theaslangroupllc.com,CHALLENGE,x402v2,body,0x50ab2018c06c6E4eAA9BA52057Eb55eD284912fc,0,A_out
https://fitpulse.theaslangroupllc.com/api/fit/race,fitpulse.theaslangroupllc.com,CHALLENGE,x402v2,body,0x50ab2018c06c6E4eAA9BA52057Eb55eD284912fc,0,A_out
https://groundcheck.seiche.info/extract,groundcheck.seiche.info,CHALLENGE,x402v2,body,0x5B4A78b7EFe482d1579E287dA6F0043f89cf0EA1,0,A_out
https://gpt55.558686.xyz/v1/x402-ping,gpt55.558686.xyz,CHALLENGE,x402v2,body,0x1f0130669ca6fd02e025a984cc038f139df19a2f,0,A_out
https://wallets-demo-seller-server.agent-payments-testing.workers.dev/weather,wallets-demo-seller-server.agent-payments-testing.workers.dev,CHALLENGE,x402v2,body,,,no_payee
https://x402.cheetahsecurity.de/screen,x402.cheetahsecurity.de,CHALLENGE,x402v2,body,,,no_payee
https://search.gedx402.com/v1/search/outcome/search-lite,search.gedx402.com,CHALLENGE,x402v2,body,,,no_payee
https://makespdf.com/api/v1/markdown,makespdf.com,CHALLENGE,x402v2,body,0x9bB96Acb3fD11D8949D862736B96e7e12D319DC4,0,A_out
https://photographer-guide.whkirl.workers.dev/plan,photographer-guide.whkirl.workers.dev,CHALLENGE,x402v2,body,,,no_payee
https://api.usenami.io/v1/funding/current,api.usenami.io,ERR,,,,,
https://telesint-api.onrender.com/ioc,telesint-api.onrender.com,CHALLENGE,x402v2,body,,,no_payee
https://rest.staging.wagmi.productions/v3/agentFriendly/full_assets_by_slug,rest.staging.wagmi.productions,CHALLENGE,x402v2,body,0x9baa4417D1E78F2eD5b09aa4Abfb541aeB2cD6Ed,0,A_out
https://signals.nsgoods.org/signals,signals.nsgoods.org,CHALLENGE,x402v2,body,0xc87a06DEE4c0E85912296002617120BBfd5EF990,0,A_out
https://api.phoneagent.xyz/countries,api.phoneagent.xyz,CHALLENGE,x402v2,body,0xF6705e3dA2d2f98aFd3944E4a6B0D6Ca931e576A,0,A_out
https://api.node4all.com/v1/x402-test,api.node4all.com,CHALLENGE,x402v2,body,,,no_payee
https://regime.nsgoods.org/regime,regime.nsgoods.org,CHALLENGE,x402v2,body,0xc87a06DEE4c0E85912296002617120BBfd5EF990,0,A_out
https://rng.sociologic.ai/random,rng.sociologic.ai,CHALLENGE,tempo,header,0x0b6E3594Df4Faa6D66196D5a3271796AD8Bb505d,0,A_out
https://x402.coinopai.com/api/categories,x402.coinopai.com,CHALLENGE,evm,header,0x1304EC1A8945365e43A5c18a734065f107B417cA,0,A_out
https://hirescrape.com/api/tools/tiktok,hirescrape.com,CHALLENGE,tempo,header,0xb5194A98DbDBb7028B585Db26B972e7F0F3f826A,0,A_out
https://api.melvea.com/v1/catalog,api.melvea.com,CHALLENGE,x402v2,body,,,no_payee
https://the-stall.intuitek.ai/cap/earnings-calendar,the-stall.intuitek.ai,CHALLENGE,stripe,header,,,no_payee
https://x402.ochinimus.app/api/liquidation-stats,x402.ochinimus.app,CHALLENGE,x402v2,body,,,no_payee
https://brokenkey-api-link-ruby.vercel.app/api/brokenkeyremapperlink,brokenkey-api-link-ruby.vercel.app,CHALLENGE,x402v2,body,,,no_payee
https://agentdata-api.sander-van-aard.workers.dev/web/places,agentdata-api.sander-van-aard.workers.dev,CHALLENGE,x402v2,body,0xb0ae6a9bd7a573ddda58db6c28622417e8ca2099,0,A_out
https://search.reversesandbox.com/web/search,search.reversesandbox.com,ERR,,,,,
https://mcp.barker.money/barker_defi_vaults,mcp.barker.money,CHALLENGE,x402v2,body,0x83f15f5bea445109e255ab82622fbdfecd1e4c9f;0x83f15f5bea445109e255ab82622fbdfecd1e4c9f;0x83f15f5bea445109e255ab82622fbdfecd1e4c9f;0x83f15f5bea445109e255ab82622fbdfecd1e4c9f;0x83f15f5bea445109e255ab82622fbdfecd1e4c9f;0x83f15f5bea445109e255ab82622fbdfecd1e4c9f,0,A_out
https://rest.coincap.io/v3/agentFriendly/full_assets_by_slug,rest.coincap.io,ERR,,,,,
https://aegis-ai.xyz/api/d2a/briefing,aegis-ai.xyz,CHALLENGE,x402v2,body,,,no_payee
https://twitr.sh/api/tools/x_search,twitr.sh,CHALLENGE,x402v2,body,0xb5194A98DbDBb7028B585Db26B972e7F0F3f826A;0xb5194A98DbDBb7028B585Db26B972e7F0F3f826A,0,A_out
https://bazaar-catalog.vercel.app/api/hijri,bazaar-catalog.vercel.app,CHALLENGE,x402v2,body,,,no_payee
https://stable-financial.vercel.app/api/macro/interest-rates/banks,stable-financial.vercel.app,CHALLENGE,tempo,header,0xBD17480bf6ff056f7b91d9AdC9DfDa001eb7283D,0,A_out
https://api.seneschal.space/v1/q/xmr/fee,api.seneschal.space,CHALLENGE,x402v2,body,,,no_payee
https://risk.yo.xyz/api/v1/agent/schema,risk.yo.xyz,CHALLENGE,x402v2,body,,,no_payee
https://aurelius-node-01.onrender.com/api/v1/supply,aurelius-node-01.onrender.com,CHALLENGE,x402v2,body,0x239DE97929b20F27aa503B236d33420670Bf5Ad1,0,A_out
https://api.agentinternetruntime.com/v1/registry/discover,api.agentinternetruntime.com,CHALLENGE,tempo,header,0x17cf15D61026b4CDD26cff6042f8e7D2e0Ca5e8D,0,A_out
https://x402.naiko.io/data/momentum,x402.naiko.io,HTTP_404,,,,,
https://darrylbots.com/api/research-report-standard,darrylbots.com,ERR,,,,,
https://anomaly.forgemesh.io/api/mempool-anomaly,anomaly.forgemesh.io,CHALLENGE,evm,header,0xE295B6641b32998537Ae0f8E61Babf729EAEd6E5,0,A_out
https://api.commodities.sh/v1/price/CL,api.commodities.sh,CHALLENGE,x402v2,body,0x0D4Ee4E945601865E3A5bC5a188e4a9CF23c00d5,0,A_out
https://signal.keelbase.io/api/v1/daily/latest,signal.keelbase.io,CHALLENGE,x402v2,body,,,no_payee
https://fanfare.run/nba/teams,fanfare.run,CHALLENGE,x402v2,body,,,no_payee
https://proxy.suverse.io/v1/proxy/reskey_1166628d/bazaar-test,proxy.suverse.io,CHALLENGE,x402v2,body,0x260fbe1ec46968ee02e5b972507d7bb7f09f82b0,0,A_out
https://crypto.forgemesh.io/api/kronos/risk,crypto.forgemesh.io,CHALLENGE,evm,header,0x93A1F57D2e0DBE4cc882b5DbAEbe7F0F16443338,0,A_out
https://api.lastlookdata.com/api/treasury/current,api.lastlookdata.com,CHALLENGE,x402v2,body,,,no_payee
https://quietstore-production.edge-7e13f.workers.dev/v1/packs/demo-extras-v1,quietstore-production.edge-7e13f.workers.dev,CHALLENGE,x402v2,body,0x8f9ef7f8c4744bfaedaa5d315c21f9770c10f931,0,A_out
https://api.eucompliance.tools/x402/market,api.eucompliance.tools,CHALLENGE,x402v2,body,,,no_payee
https://capitol.lonestaroracle.xyz/signal,capitol.lonestaroracle.xyz,CHALLENGE,x402v2,body,0x52Ab53912D37759B2ad364f22dD06B16714b6C06;0xeF2a4B6756895aAf1374640dcFCD4947959442ab,0,A_out
https://ot-intel-api.onrender.com/ot/cve,ot-intel-api.onrender.com,CHALLENGE,x402v2,body,,,no_payee
https://www.capminal.ai/api/x402/research,www.capminal.ai,CHALLENGE,x402v2,body,,,no_payee
https://riskpulse.theaslangroupllc.com/api/risk/quake-check,riskpulse.theaslangroupllc.com,CHALLENGE,x402v2,body,0x50ab2018c06c6E4eAA9BA52057Eb55eD284912fc,0,A_out
https://2s.io/api/geocode/address,2s.io,CHALLENGE,x402v2,body,0x2b6D4988Db4723E6908Db86Ab2b8dFBc51FC32C5,0,A_out
https://eltociear-tokenguard.hf.space/stocks,eltociear-tokenguard.hf.space,CHALLENGE,x402v2,body,0x5bCDA55247B238a573A968B234F788a2D35664Dd,0,A_out
https://api.tickersfeed.net/defi/protocols,api.tickersfeed.net,CHALLENGE,x402v2,body,0xE82EBef57Fa5aF958B8ECB6843D4327d314F59E3,0,A_out
https://x402.sniperx.fun/api/v1/token/activities/smarttraders_smartmoney,x402.sniperx.fun,CHALLENGE,x402v2,body,,,no_payee
https://api.chit402.com/v1/chat/completions,api.chit402.com,CHALLENGE,x402v2,body,0x23f713411c30BBd9A989c9cbC22EB0b55F7f7334,0,A_out
https://api.xfuel.app/v1/chat/completions,api.xfuel.app,CHALLENGE,x402v2,body,0x23f713411c30BBd9A989c9cbC22EB0b55F7f7334,0,A_out
https://quotient-api-gateway.onrender.com/api/v1/signals,quotient-api-gateway.onrender.com,CHALLENGE,x402v2,body,,,no_payee
https://api.hergertsynthora.com/v1/defi-yields,api.hergertsynthora.com,CHALLENGE,x402v2,body,0xEf879BFD6C4AccB8F795136de90246e1EC245e06,0,A_out
https://cryptyx-ai.vercel.app/api/x402/health,cryptyx-ai.vercel.app,CHALLENGE,x402v2,body,,,no_payee
https://api.geoprimitives.dev/v1/marine/depth,api.geoprimitives.dev,CHALLENGE,x402v2,body,,,no_payee
https://api.jarvisclaw.ai/v1/marketplace/api/3759,api.jarvisclaw.ai,CHALLENGE,x402v2,body,0xDC59fa7b64988B846e76eC9849bb68f889071506;0xDC59fa7b64988B846e76eC9849bb68f889071506,0,A_out
https://agent.massive.com/stocks/taxonomies/vX/risk-factors,agent.massive.com,CHALLENGE,x402v2,body,,,no_payee
https://trade.chainverdict.xyz/v1/gtin/prefix,trade.chainverdict.xyz,CHALLENGE,x402v2,body,,,no_payee
https://oracle.cyberwarex.com/contract,oracle.cyberwarex.com,CHALLENGE,x402v2,body,0x058D0Cc5CC97e61e8A9f38D6d6365bce525921B2,0,A_out
https://web.cyberwarex.com/fetch,web.cyberwarex.com,CHALLENGE,x402v2,body,0x058D0Cc5CC97e61e8A9f38D6d6365bce525921B2,0,A_out
https://finance-api.kdlcfa.workers.dev/sp500-index,finance-api.kdlcfa.workers.dev,CHALLENGE,x402v2,body,,,no_payee
https://uptime.cyberwarex.com/stats,uptime.cyberwarex.com,CHALLENGE,x402v2,body,0x058D0Cc5CC97e61e8A9f38D6d6365bce525921B2,0,A_out
https://video.cyberwarex.com/meta,video.cyberwarex.com,CHALLENGE,x402v2,body,0x058D0Cc5CC97e61e8A9f38D6d6365bce525921B2,0,A_out
https://seo.cyberwarex.com/audit,seo.cyberwarex.com,CHALLENGE,x402v2,body,0x058D0Cc5CC97e61e8A9f38D6d6365bce525921B2,0,A_out
https://chain.cyberwarex.com/ens,chain.cyberwarex.com,CHALLENGE,x402v2,body,0x058D0Cc5CC97e61e8A9f38D6d6365bce525921B2,0,A_out
https://search.cyberwarex.com/search,search.cyberwarex.com,CHALLENGE,x402v2,body,0x058D0Cc5CC97e61e8A9f38D6d6365bce525921B2,0,A_out
https://agent.connskill.com/v1/keyword-ideas,agent.connskill.com,CHALLENGE,x402v2,body,0x43B85AE58f0A2505c710Bc715d6f3EB16b1f63dE;0x43B85AE58f0A2505c710Bc715d6f3EB16b1f63dE,0,A_out
https://open-pay.jp/api/paid/usdc/stablecoin-payments,open-pay.jp,CHALLENGE,x402v2,body,0x52d4901142e2B5680027da5EB47C86CB02a3cA81,0,A_out
https://agentservices.to/v1/indicators/eth,agentservices.to,CHALLENGE,x402v2,body,,,no_payee
https://767-2676.com/v1/time,767-2676.com,CHALLENGE,x402v2,body,0x5f5a631e975183d084f60d7121e967b30ec83cb8,0,A_out
https://clink-lithium-vault.fly.dev/x/search,clink-lithium-vault.fly.dev,CHALLENGE,tempo,header,0xB1eF5415E9D3695e16977B8be422AB7512F788C0,0,A_out
https://api.craigmbrown.com/v1/services/data.web-extract,api.craigmbrown.com,CHALLENGE,x402v2,body,0x5E709929A4AB69eC3a8811d03417869059BC4EB9,0,A_out
https://omniterminal.app/api/x402/v1/news,omniterminal.app,CHALLENGE,x402v2,body,,,no_payee
https://alphapipeline-eu.onrender.com/v1/market/kimchi-alert,alphapipeline-eu.onrender.com,NO_402,,,,,
https://answerpool.io/v1/sec/xbrl/compare,answerpool.io,CHALLENGE,x402v2,body,,,no_payee
https://agent-commerce-factory-jm.austriaeast.cloudapp.azure.com/v1/crypto/news,agent-commerce-factory-jm.austriaeast.cloudapp.azure.com,CHALLENGE,evm,header,0xCe339395d7f2ea5a5009022EF1C392Fb208a989E,0,A_out
https://ai-data-marketplace-1042299154756.us-central1.run.app/api/v1/leads,ai-data-marketplace-1042299154756.us-central1.run.app,CHALLENGE,x402v2,body,0x8647F7D7a1368a467Ad1FF757fBc2e7167973558,0,A_out
https://app.tenna.ai/api/x402/lumi/lpc_nft_info,app.tenna.ai,CHALLENGE,x402v2,body,0x7eaf3c393a8996e124c0fa7ccbc55019854c4c5b,0,A_out
https://contextslim.friczero.com/message,contextslim.friczero.com,CHALLENGE,x402v2,body,0xA18E34607479b706123cA5e1831f24d2ECECe4c6,0,A_out
https://space-weather.use.x402atlas.com/now,space-weather.use.x402atlas.com,CHALLENGE,x402v2,body,0x8C128f1Ee62Bb5e47867CfbAe2ad89be325Df1b2;0x8C128f1Ee62Bb5e47867CfbAe2ad89be325Df1b2;0x8C128f1Ee62Bb5e47867CfbAe2ad89be325Df1b2,0,A_out
https://automatoncolony.xyz/api/v1/x402/flash-audit,automatoncolony.xyz,CHALLENGE,x402v2,body,0x3a6e1866f38385025fa9024304882cF59E3330aB,0,A_out
https://api.m2msentinel.com/v1/whales/signals,api.m2msentinel.com,CHALLENGE,x402v2,body,,,no_payee
https://x402-tokens.fly.dev/v1/chat/completions,x402-tokens.fly.dev,HTTP_401,,,,,
https://machineobserver.com/api/x402/history,machineobserver.com,CHALLENGE,x402v2,body,0x55E6024b4eB9b9325537c7453F53fDA5413B8417,0,A_out
https://sanctions.nsgoods.org/screen,sanctions.nsgoods.org,CHALLENGE,x402v2,body,0xc87a06DEE4c0E85912296002617120BBfd5EF990,0,A_out
https://10x402.com/lint/one,10x402.com,CHALLENGE,x402v2,body,0x885E7BEF433eb78F5976b28A7c10739c98DB11E5,0,A_out
https://whaletape.xyz/index/ranking,whaletape.xyz,CHALLENGE,x402v2,body,0x25a8b697Da5c0bAF698Fd6BD9701B5e825214145,0,A_out
https://twitter.surf.cascade.fyi/api/v1/twitter/users/search,twitter.surf.cascade.fyi,CHALLENGE,tempo,header,0xC751344Ee09B5159160173F77D4a1169bCd386A1,0,A_out
https://zeroclick.affiliate.com/v1/merchants,zeroclick.affiliate.com,CHALLENGE,tempo,header,0xb0e55dff7ab98cdabae792ba1493e32d1caded33,0,A_out
https://402signal.com/route,402signal.com,CHALLENGE,x402v2,body,0xa2604ae688228af8349363770351bfcec66d4fa0;0xa2604ae688228af8349363770351bfcec66d4fa0,0,A_out
https://secondlook.edgecasesystems.workers.dev/v1/paid/second-look,secondlook.edgecasesystems.workers.dev,HTTP_404,,,,,
https://kino402.com/v1/audio/tts,kino402.com,CHALLENGE,x402v2,body,0x2A266c87F7b0D1F8A471D2d5234F5CF4FB62b206,0,A_out
https://molecular-packs-metadata-docs.trycloudflare.com/nz-company,molecular-packs-metadata-docs.trycloudflare.com,ERR,,,,,
https://agente.revenuerecoveryai.app/v1/resumen,agente.revenuerecoveryai.app,CHALLENGE,x402v2,body,,,no_payee
https://wallet-intelligence-three.vercel.app/api/wallet/audit,wallet-intelligence-three.vercel.app,CHALLENGE,x402v2,body,0x9720950D3E4D9E8c9e23E84e04e683b00204874c,0,A_out
https://parallax402.com/v1/seller,parallax402.com,CHALLENGE,x402v2,body,0x790fE337b89900028E16fE63Cc087112F7a2BA49,0,A_out
https://penny402.fun/oracle,penny402.fun,CHALLENGE,x402v2,body,0x9d0bb5dA24cADe855DeE8d1231A1c416e0bB2FFe,0,A_out
https://ausca.com/v1/lease-browser,ausca.com,CHALLENGE,x402v2,body,,,no_payee
https://poketpoker.com/api/play/deal,poketpoker.com,CHALLENGE,x402v2,body,,,no_payee
https://x402tap.com/api/web-search,x402tap.com,CHALLENGE,x402v2,body,,,no_payee
https://email-verifier.underscoredone.com/verify,email-verifier.underscoredone.com,CHALLENGE,x402v2,body,,,no_payee
https://dataforagents.net/v1/steam/search,dataforagents.net,CHALLENGE,x402v2,body,,,no_payee
https://acoda.xyz/v1/market-state,acoda.xyz,CHALLENGE,x402v2,body,,,no_payee
https://x402-trends-server.onrender.com/api/sports-game-brief,x402-trends-server.onrender.com,CHALLENGE,x402v2,body,,,no_payee
https://x402-filings.datalayer.workers.dev/v1/jobs/ats,x402-filings.datalayer.workers.dev,CHALLENGE,x402v2,body,,,no_payee
https://api.speccy.cloud/v1/predictions/polymarket,api.speccy.cloud,CHALLENGE,x402v2,body,,,no_payee
https://x402-paid-service.iholt.workers.dev/api/markets,x402-paid-service.iholt.workers.dev,CHALLENGE,x402v2,body,0x60C4499870f115664d7FfD8411b023DBEf3377d9;0x60C4499870f115664d7FfD8411b023DBEf3377d9,0,A_out
https://api.agentservices.to/v1/fx,api.agentservices.to,CHALLENGE,x402v2,body,,,no_payee
https://fetch.halowerk.com/product/compare,fetch.halowerk.com,CHALLENGE,x402v2,body,0x2880EdfFF13100677Bf97A3CBdF3Bc34771C4E5E,0,A_out
https://bykaranteli.com/api/x402/flow-vpin,bykaranteli.com,CHALLENGE,x402v2,body,,,no_payee
https://404humans.xyz/blocks/next,404humans.xyz,CHALLENGE,x402v2,body,,,no_payee
https://api.sourcey.com/v1/startup-credits/reviews,api.sourcey.com,CHALLENGE,x402v2,body,0x26572ff23c6c52bfb1a69cb0c9114a8be443b422,0,A_out
https://tenderdelta-preview.mooncakemonkey1.workers.dev/x402/v1/daily-action-brief,tenderdelta-preview.mooncakemonkey1.workers.dev,CHALLENGE,x402v2,body,,,no_payee
https://payload402.edgebytenet.workers.dev/translate,payload402.edgebytenet.workers.dev,CHALLENGE,x402v2,body,,,no_payee
https://app.r3p.xyz/mcp/x402,app.r3p.xyz,CHALLENGE,x402v2,body,,,no_payee
https://agents.datamancer.io/api/v1/paid/vin,agents.datamancer.io,CHALLENGE,x402v2,body,0xCAf124CacF6611A7476C64d08A829c39C1688943,0,A_out
https://agent.gexlog.com/agent/historical,agent.gexlog.com,HTTP_400,,,,,
https://mcpfax-utility.bowling-anthony.workers.dev/v1/weather,mcpfax-utility.bowling-anthony.workers.dev,CHALLENGE,x402v2,body,0x1831f336585a6C67B6A954d28f3E07F44C4EEBbd,0,A_out
https://cyre.dev/api/address,cyre.dev,CHALLENGE,x402v2,body,0x9Ff25C4acf1DcDDf15fD2702C127A285f1dFa712,0,A_out
https://loonie-toll.onrender.com/wildfire,loonie-toll.onrender.com,HTTP_503,,,,,
https://x402.donnyautomation.com/edgar/events,x402.donnyautomation.com,CHALLENGE,evm,header,0x2740651e046c59aB2A6510401140643292d3a96F,0,A_out
https://mcp.zensched.com/x402/geocode,mcp.zensched.com,CHALLENGE,x402v2,body,0x081D7F97cA4478dAc465569E1fE3F5846ad598dD,0,A_out
https://ledger-api.novadyne.ai/ledger/reports/trial-balance,ledger-api.novadyne.ai,HTTP_525,,,,,
https://vape-x402.vapex402.workers.dev/data/stablecoins,vape-x402.vapex402.workers.dev,CHALLENGE,x402v2,body,,,no_payee
https://library.proofivy.com/cryptoslate_list,library.proofivy.com,CHALLENGE,x402v2,body,,,no_payee
https://animica.dev/x402/qrng/draw,animica.dev,HTTP_503,,,,,
https://mcp.djzs.ai/x402/verify_pm_trade,mcp.djzs.ai,CHALLENGE,x402v2,body,0xc1923748669dFC3a79497d0403A90a275161eCCA,0,A_out
https://api.macaroonnetwork.com/execute/polymathica-archive-record-v1,api.macaroonnetwork.com,CHALLENGE,x402v2,body,0x33cc8de6e86761d217044a8a6b394ad23b579596,0,A_out
https://rtt.phoenix-ai.work/api/v1/health,rtt.phoenix-ai.work,CHALLENGE,x402v2,body,0xbb967F16C7f3e9B4c1626680684445d41dBE44Ab;0xbb967F16C7f3e9B4c1626680684445d41dBE44Ab;0xbb967F16C7f3e9B4c1626680684445d41dBE44Ab;0xbb967F16C7f3e9B4c1626680684445d41dBE44Ab;0xbb967F16C7f3e9B4c1626680684445d41dBE44Ab;0xbb967F16C7f3e9B4c1626680684445d41dBE44Ab;0xbb967F16C7f3e9B4c1626680684445d41dBE44Ab,0,A_out
https://node-starter--maxujon18.replit.app/api/check-contract,node-starter--maxujon18.replit.app,HTTP_404,,,,,
https://www.celerapi.com/v1/company/search,www.celerapi.com,CHALLENGE,x402v2,body,,,no_payee
https://api.newsgurus.ai/x402/agents/status,api.newsgurus.ai,CHALLENGE,x402v2,body,0xa9a38639Ed4Aebc04092E21F3399c56545450713,0,A_out
https://wailand.tailf99551.ts.net/v1/disaster-events,wailand.tailf99551.ts.net,CHALLENGE,x402v2,body,,,no_payee
https://tools.halowerk.com/v1/route/matrix,tools.halowerk.com,CHALLENGE,x402v2,body,0x2880EdfFF13100677Bf97A3CBdF3Bc34771C4E5E,0,A_out
https://content.lonestaroracle.xyz/repurpose,content.lonestaroracle.xyz,CHALLENGE,x402v2,body,0x52Ab53912D37759B2ad364f22dD06B16714b6C06,0,A_out
https://conflict.lonestaroracle.xyz/conflict,conflict.lonestaroracle.xyz,CHALLENGE,x402v2,body,0x52Ab53912D37759B2ad364f22dD06B16714b6C06,0,A_out
https://energy.lonestaroracle.xyz/energy,energy.lonestaroracle.xyz,CHALLENGE,x402v2,body,0x52Ab53912D37759B2ad364f22dD06B16714b6C06,0,A_out
https://funds.lonestaroracle.xyz/funds,funds.lonestaroracle.xyz,CHALLENGE,x402v2,body,0x52Ab53912D37759B2ad364f22dD06B16714b6C06,0,A_out
https://liquidity.lonestaroracle.xyz/liquidity,liquidity.lonestaroracle.xyz,CHALLENGE,x402v2,body,0x52Ab53912D37759B2ad364f22dD06B16714b6C06,0,A_out
https://squeeze.lonestaroracle.xyz/squeeze,squeeze.lonestaroracle.xyz,CHALLENGE,x402v2,body,0x52Ab53912D37759B2ad364f22dD06B16714b6C06,0,A_out
https://cot.lonestaroracle.xyz/cot,cot.lonestaroracle.xyz,CHALLENGE,x402v2,body,0x52Ab53912D37759B2ad364f22dD06B16714b6C06,0,A_out
https://pharma.lonestaroracle.xyz/catalysts,pharma.lonestaroracle.xyz,CHALLENGE,x402v2,body,0x52Ab53912D37759B2ad364f22dD06B16714b6C06,0,A_out
https://hazard.lonestaroracle.xyz/hazard,hazard.lonestaroracle.xyz,CHALLENGE,x402v2,body,0x52Ab53912D37759B2ad364f22dD06B16714b6C06,0,A_out
https://sovereign.lonestaroracle.xyz/sovereign,sovereign.lonestaroracle.xyz,CHALLENGE,x402v2,body,0x52Ab53912D37759B2ad364f22dD06B16714b6C06,0,A_out
https://asia.lonestaroracle.xyz/pulse,asia.lonestaroracle.xyz,CHALLENGE,x402v2,body,0x52Ab53912D37759B2ad364f22dD06B16714b6C06,0,A_out
https://sanctions.lonestaroracle.xyz/screen,sanctions.lonestaroracle.xyz,CHALLENGE,x402v2,body,0x52Ab53912D37759B2ad364f22dD06B16714b6C06,0,A_out
https://analyst.lonestaroracle.xyz/ratings,analyst.lonestaroracle.xyz,CHALLENGE,x402v2,body,0x52Ab53912D37759B2ad364f22dD06B16714b6C06;0xeF2a4B6756895aAf1374640dcFCD4947959442ab,0,A_out
https://toolrail.dev/vat/rates,toolrail.dev,CHALLENGE,x402v2,body,0xC6E6138dAAc78CeC93d491b4581Afa1a61B98a17,0,A_out
https://x402-gateway.ai/api/v1/se/company/search,x402-gateway.ai,CHALLENGE,x402v2,body,,,no_payee
https://techforce-agents.onrender.com/api/all-jobs,techforce-agents.onrender.com,HTTP_503,,,,,
https://earthquakes.use.x402atlas.com/significant,earthquakes.use.x402atlas.com,CHALLENGE,x402v2,body,0x8C128f1Ee62Bb5e47867CfbAe2ad89be325Df1b2;0x8C128f1Ee62Bb5e47867CfbAe2ad89be325Df1b2;0x8C128f1Ee62Bb5e47867CfbAe2ad89be325Df1b2,0,A_out
https://datastand.dev/api/llm/route,datastand.dev,CHALLENGE,x402v2,body,0x470a1b647d668d3820add26d70c8371557ff4c6b,0,A_out
https://voice.cyberwarex.com/transcribe,voice.cyberwarex.com,CHALLENGE,x402v2,body,0x058D0Cc5CC97e61e8A9f38D6d6365bce525921B2,0,A_out
https://merchant-audit.clankerceo.workers.dev/audit,merchant-audit.clankerceo.workers.dev,CHALLENGE,x402v2,body,0xCa03Fb4b1D2f66f5a83A5cA91021b874ac4a34a3;0xCa03Fb4b1D2f66f5a83A5cA91021b874ac4a34a3,0,A_out
https://multichain-rpc.clankerceo.workers.dev/nft,multichain-rpc.clankerceo.workers.dev,CHALLENGE,x402v2,body,0xCa03Fb4b1D2f66f5a83A5cA91021b874ac4a34a3;0xCa03Fb4b1D2f66f5a83A5cA91021b874ac4a34a3,0,A_out
https://localvps.tail5141c3.ts.net:10000/fetch,localvps.tail5141c3.ts.net:10000,CHALLENGE,x402v2,body,0x058D0Cc5CC97e61e8A9f38D6d6365bce525921B2,0,A_out
https://mcpfax-markets.bowling-anthony.workers.dev/gas,mcpfax-markets.bowling-anthony.workers.dev,CHALLENGE,x402v2,body,0x1831f336585a6C67B6A954d28f3E07F44C4EEBbd,0,A_out
https://lion-x402.lionmaster-operations.workers.dev/api/x402/keyless-base-rpc-json,lion-x402.lionmaster-operations.workers.dev,CHALLENGE,x402v2,body,,,no_payee
https://italian-company-check-fdsbh7p2bq-oc.a.run.app/v1/x402/check,italian-company-check-fdsbh7p2bq-oc.a.run.app,CHALLENGE,x402v2,body,,,no_payee
https://data.rcqsignals.com/v1/fetch/btc-funding-regime,data.rcqsignals.com,CHALLENGE,x402v2,body,,,no_payee
https://tizona-outpost.venusberg.workers.dev/v1/watch/register,tizona-outpost.venusberg.workers.dev,HTTP_404,,,,,
https://raptor-base-yields.vercel.app/v1/yields,raptor-base-yields.vercel.app,CHALLENGE,x402v2,body,,,no_payee
https://visa.orizn.app/api/x402/visa,visa.orizn.app,CHALLENGE,x402v2,body,,,no_payee
https://defi.agent-layer.tech/skills/defi-yield-and-looping,defi.agent-layer.tech,CHALLENGE,x402v2,body,,,no_payee
https://api.micacheck.workers.dev/noncompliant,api.micacheck.workers.dev,CHALLENGE,x402v2,body,,,no_payee
https://grant-search.krimskrams.xyz/v1/change-intelligence,grant-search.krimskrams.xyz,CHALLENGE,x402v2,body,0x276efA09388fB1578A6c415B8F90D26fdfCe0CF2,0,A_out
https://agents.nibiashara.biz/shelf/fx-official-all,agents.nibiashara.biz,CHALLENGE,x402v2,body,0x403b72e2EdbC9dB738e09D3064a6A54f8A027055,0,A_out
https://osha-search.46-224-157-88.sslip.io/v1/search,osha-search.46-224-157-88.sslip.io,CHALLENGE,x402v2,body,0x276efA09388fB1578A6c415B8F90D26fdfCe0CF2,0,A_out
https://grant-search.46-224-157-88.sslip.io/v1/search,grant-search.46-224-157-88.sslip.io,CHALLENGE,x402v2,body,0x276efA09388fB1578A6c415B8F90D26fdfCe0CF2,0,A_out
https://osha-search.krimskrams.xyz/v1/search,osha-search.krimskrams.xyz,CHALLENGE,x402v2,body,0x276efA09388fB1578A6c415B8F90D26fdfCe0CF2,0,A_out
https://sports-predictor-api.fly.dev/api/v1/probabilities,sports-predictor-api.fly.dev,CHALLENGE,x402v2,body,,,no_payee
https://bounty-signals.krimskrams.xyz/v1/job-health,bounty-signals.krimskrams.xyz,CHALLENGE,x402v2,body,0x276efA09388fB1578A6c415B8F90D26fdfCe0CF2,0,A_out
https://staging.getbags.app/api/v1,staging.getbags.app,CHALLENGE,x402v2,body,0x94237CD4aA4aFd784d6Fa87Feb1B6649816D8418;0x94237CD4aA4aFd784d6Fa87Feb1B6649816D8418,0,A_out
https://whodeployed.wtf/v1/congress_tape,whodeployed.wtf,CHALLENGE,x402v2,body,,,no_payee
https://zerostart-agent.jack-labs.workers.dev/paid/brief-audit,zerostart-agent.jack-labs.workers.dev,CHALLENGE,x402v2,body,,,no_payee
https://agent.api.0x.org/v1/x402/swap-allowance-holder-quote,agent.api.0x.org,CHALLENGE,x402v2,body,0xb15a55e85FdF5edc41B6c1eaf7813e2c6e6def59;0xb15a55e85FdF5edc41B6c1eaf7813e2c6e6def59,0,A_out
https://agent-guild-5d5r.onrender.com/search,agent-guild-5d5r.onrender.com,CHALLENGE,evm,header,0xaa4E3ba0Eb5f564cAb54dDC08f5BaAfb3D4cA8E5,0,A_out
https://insider-radar-agent.insider-radar-agent.workers.dev/v1/leaderboard,insider-radar-agent.insider-radar-agent.workers.dev,CHALLENGE,x402v2,body,,,no_payee
https://byfaro.ai/agent/check/pricing,byfaro.ai,CHALLENGE,x402v2,body,,,no_payee
https://4yearcycle.com/x402/tenders,4yearcycle.com,CHALLENGE,x402v2,body,,,no_payee
https://centboard.xyz/v1/bid,centboard.xyz,CHALLENGE,x402v2,body,0x276efA09388fB1578A6c415B8F90D26fdfCe0CF2,0,A_out
https://giftpulse.theaslangroupllc.com/api/giftcard/catalog,giftpulse.theaslangroupllc.com,CHALLENGE,x402v2,body,0x50ab2018c06c6E4eAA9BA52057Eb55eD284912fc,0,A_out
https://api.jpverify.com/jp-company/filings,api.jpverify.com,HTTP_422,,,,,
https://peptidesdirect.io/api/v1,peptidesdirect.io,ERR,,,,,
https://trust-agent.io/v1/registry/agents,trust-agent.io,CHALLENGE,x402v2,body,0x6121654D3Fd4C8B42a90d30472E4D40927C3e6BB,0,A_out
https://ip402.xyz/v1/geo,ip402.xyz,CHALLENGE,tempo,header,0x15A6a5B190de7C3bf33abe7a81e0C0eE77dDf581,0,A_out
https://trading-perps.vercel.app/api/enso/indices,trading-perps.vercel.app,CHALLENGE,x402v2,body,,,no_payee
https://x402render-u5vwpxpyua-uc.a.run.app/pm-markets,x402render-u5vwpxpyua-uc.a.run.app,HTTP_503,,,,,
https://fetchharbor.benlab.download/html-to-md,fetchharbor.benlab.download,CHALLENGE,x402v2,body,,,no_payee
https://orchard-data.netlify.app/api/trending,orchard-data.netlify.app,CHALLENGE,x402v2,body,,,no_payee
https://agents.samedaydesk.com/extract,agents.samedaydesk.com,CHALLENGE,evm,header,0x8904dF3DE6DFEe6a7C8cc38619d2f17806213Cee,0,A_out
https://lion-x402-bible.lionmaster-operations.workers.dev/api/x402/cpg-product-intel-json,lion-x402-bible.lionmaster-operations.workers.dev,CHALLENGE,x402v2,body,,,no_payee
https://api.eckari.com/v1/weather/us/observation,api.eckari.com,CHALLENGE,x402v2,body,0x9d6b6fdB04040a55d58B24ff4C90C08cf6083C8f,0,A_out
https://5108-x402.community.iamstarchild.com/bazaar/crypto/price,5108-x402.community.iamstarchild.com,CHALLENGE,x402v2,body,0xa709b6534f392c5F4CfB986A329B734eCDdC8c6f,0,A_out
https://vulnfeed-api.novadyne.ai/vulnscan/cve/CVE-2021-44228,vulnfeed-api.novadyne.ai,CHALLENGE,x402v2,body,0xBEccE6dd106Cfa910F78fea188B2fcCEb73bdD0F,0,A_out
https://www.moltbillboard.com/api/x402/placements,www.moltbillboard.com,CHALLENGE,x402v2,body,,,no_payee
https://x402-adsb.x402-adsb-worker.workers.dev/aircraft,x402-adsb.x402-adsb-worker.workers.dev,CHALLENGE,x402v2,body,,,no_payee
https://talkshi.com/api/shop/shortlist,talkshi.com,CHALLENGE,x402v2,body,,,no_payee
https://signals.edge.report/v1/gas,signals.edge.report,CHALLENGE,x402v2,body,,,no_payee
https://x402.lucidcove.org/v1/ping,x402.lucidcove.org,CHALLENGE,x402v2,body,,,no_payee
https://x402.tbs-digital.com/crypto/bundle,x402.tbs-digital.com,CHALLENGE,x402v2,body,0xd6fCE15298Fc9D60f867d9455D497177Da9BFB0a,0,A_out
https://app.fortiblox.com/api/tokens,app.fortiblox.com,CHALLENGE,x402v2,body,,,no_payee
https://cryptoops.friczero.com/mcp,cryptoops.friczero.com,CHALLENGE,x402v2,body,0xA18E34607479b706123cA5e1831f24d2ECECe4c6,0,A_out
https://godlaws.com/script/api/x402/script,godlaws.com,CHALLENGE,x402v2,body,,,no_payee
https://api.resetparatodos.com/x402/v1/uk/company/verify,api.resetparatodos.com,CHALLENGE,x402v2,body,0x54beA1e6F70437085b85892a0e7cd6f09CE8C22f,0,A_out
https://defi-signals.org/market/snapshot,defi-signals.org,CHALLENGE,x402v2,body,,,no_payee
https://api.truthbear.co/gauge/ruler,api.truthbear.co,CHALLENGE,x402v2,body,0x2d16a243ba9fAcC6AC85519d5efad2149DC4C6c3,0,A_out
https://www.productclank.com/api/x402/content-campaign,www.productclank.com,CHALLENGE,x402v2,body,0x876Be690234aaD9C7ae8bb02c6900f5844aCaF68,0,A_out
https://doc-extract-api.thestarboy9696-4ef.workers.dev/extract/custom,doc-extract-api.thestarboy9696-4ef.workers.dev,CHALLENGE,x402v2,body,,,no_payee
https://link-preview-cache-api.onrender.com/preview,link-preview-cache-api.onrender.com,HTTP_503,,,,,
https://link-preview-api-z4nf.onrender.com/preview,link-preview-api-z4nf.onrender.com,HTTP_503,,,,,
https://gofrantic.com/v1/hire,gofrantic.com,CHALLENGE,x402v2,body,0x26572ff23c6c52bfb1a69cb0c9114a8be443b422;0x26572ff23c6c52bfb1a69cb0c9114a8be443b422;0x26572ff23c6c52bfb1a69cb0c9114a8be443b422;0x26572ff23c6c52bfb1a69cb0c9114a8be443b422,0,A_out
https://csno.cc/api/csno/chips,csno.cc,CHALLENGE,x402v2,body,0x905cC76a095E129F83c71a0ADbE4e37E21a60B2C,0,A_out
https://rates.lonestaroracle.xyz/rates,rates.lonestaroracle.xyz,CHALLENGE,x402v2,body,0x52Ab53912D37759B2ad364f22dD06B16714b6C06,0,A_out
https://api-staging.eckari.com/v1/weather/us/observation,api-staging.eckari.com,CHALLENGE,x402v2,body,0x7c0Ba1d16322Ee426D6508a74b571Dd73A5a35DA,0,A_out
https://api.fetchx402.com/v1/tools/dns,api.fetchx402.com,CHALLENGE,x402v2,body,,,no_payee
https://smartmoney.lonestaroracle.xyz/smartmoney,smartmoney.lonestaroracle.xyz,CHALLENGE,x402v2,body,0x52Ab53912D37759B2ad364f22dD06B16714b6C06;0xeF2a4B6756895aAf1374640dcFCD4947959442ab,0,A_out
