submitter,sampled_settlements,example_tx
0xca5e87f82b3fa093800e6ad67d621a427d79c70d,50,0x0e3137c65ed9bf855cb93a0194e2992a91f5a0d8721b781f7218bd1e65439af2
0x93f6601151ccb08f333ab4b1cccfb1e188c0be44,48,0x1f86b7d9576c9b561874dff74970dfc0cb05072b3656ba43a558e3428012aade
0x14fda13953fc30428938e6bf950d036e77214e52,48,0xe781ad27792f327110474f92692939828dd5f5857a34824270618c7c73c91c24
0x772003a2e9c2ccc8af956870a37a66f64f8cec38,47,0x3c377d03de674fa1472ffa8125f500e5bf18ce8bd837415f6ac056d80f08fa27
0x2a89407a98a0732b7fd578c4e156b7166540eb5a,45,0xdbb3c44166adb8aaeac4a4a316801ce638f2171ee7eb2d1c12b792733c83544e
0x64cc42b1ce598e3abcfbb64df4688521ddbf1f0a,45,0xd223219f5b6e782a544a2d21ecb151aec58f60dcd17e54d041521e807043cc0e
0x42dd53906b49c202e8e934b059dc019e04634b00,45,0x5cfc901ff01e1707030f67c342d5bf7f35aad46852c079b4ddbd3151b1b63606
0xe72f0af4cf41356d433723547f1412ca27fbb1b8,43,0x2e8f55e1ee24d09e42f026bcfdfe6ae872087783267a939c138873c5fa096db3
0xe74817f4cdc15844314812b2271276e64e890fae,43,0xad0789db936ef7902efbd0f11025730e9df3eee11d04d0445b74e45a37b25bbc
0xb87e1a2cc2b4643f2892768e80e41167f17c5860,43,0x686324161dccd821c872d7ef600eda5a6ab22acb0e2fdcbe4bee19539fe0d3b3
0x8cda367232d78c067116e3260da881d2da8ffa39,41,0x4d4943475ba2177a288f12f806f2e5577ce09301c76c94fa09e9ab30a90100a9
0x4c934c63c786157fefd990945b25ea60a0fb0205,41,0xdd7c4faeb339ff1e5738b13bdaaab1645ed64ae741f297a03c69d39405a42064
0x68efafe862d89ce66dd3d7b07d5a3747a0871164,40,0xea89057192986f27c0ced882454fa85ea8cdef8da1c890e2a41398e7bf4efb81
0x59b7ebc67a3d627fabaf06768c818638452ae704,37,0x3cc7c165f2b46ab9e1a9816c34b59b515665a42d9ed5c519a2f685088d1ed6ba
0x625d8a65134079f8faaac39a7947c73d93c6ac39,32,0x823f4b8b36405eb163cff9f03ae239e7e844e9285c74af5231d501ec80c10d06
0xc2bee8f45dc998b18df043cb79edf88d7f9fd8ad,6,0x99e0925f608721dee73aa30fe16a306298d9a88abe069ba83d3fcf5395df7bcc
0x3f57c529b75b452e1390dffa8a23d9d2e583cbee,5,0x85c5bef1949b7b55dcb4ff13ba35039e93f4cb640840703c965cb01d9384ab34
0x2772f7f74ac0aca38c6238aa5ece72b27beb8c17,3,0x74772bd5edc26233f97da1f9f945209d7b73ea1e11c7c4bba919f68eced22072
0x048ef1062cbb39b338ac2685da72adf104b4cef5,2,0xd7d4499b47081d8224a7b8387cf011546e4b517694ad76f09202d4047229e7c4
0xcc643f8e9965286ce52f185a816af0b2b6fca20c,1,0x9b79b64c296031eadfbef8da83c613f163a42993b64c39c60e5b74fd500a7c91
0x54e2acab04c89a3fe02852bf8dd69ee8f526bc75,1,0x261e70e2b1babd33319a1b7d8c55cbf10fc61b6ef982594414ffd333a871835e
0xb42f812a44c22cc6b861478900401ee759ebead6,1,0xd1d4cc6ba04720ad05f808c9babd421732efcfa33704142b260380ba1d5e2dac
